Instance,Terminal,Layer,X location,Y location,Voltage
FILLER_32_342,VDD,Metal1,195.1600,133.2800,5.000000
FILLER_32_308,VDD,Metal1,185.4755,132.5110,5.000000
FILLER_32_274,VDD,Metal1,166.4355,132.5110,5.000000
FILLER_32_240,VDD,Metal1,147.3955,132.5110,5.000000
FILLER_32_206,VDD,Metal1,128.3555,132.5110,5.000000
FILLER_32_172,VDD,Metal1,109.3155,132.5110,5.000000
FILLER_32_138,VDD,Metal1,90.2755,132.5110,5.000000
FILLER_32_104,VDD,Metal1,71.2355,132.5110,5.000000
FILLER_32_70,VDD,Metal1,52.1955,132.5110,5.000000
FILLER_32_36,VDD,Metal1,33.1555,132.5110,5.000000
FILLER_32_2,VDD,Metal1,14.1155,132.5110,5.000000
FILLER_31_341,VDD,Metal1,194.8800,125.4400,4.999993
FILLER_31_306,VDD,Metal1,175.0000,125.4400,4.999994
FILLER_31_298,VDD,Metal1,172.9865,126.0165,4.999994
FILLER_31_282,VDD,Metal1,166.3680,126.1320,4.999995
FILLER_31_276,VDD,Metal1,159.4200,125.8725,4.999995
FILLER_31_212,VDD,Metal1,140.7150,126.2540,4.999995
FILLER_31_206,VDD,Metal1,120.2200,125.8725,4.999995
FILLER_31_142,VDD,Metal1,101.5150,126.2540,4.999995
FILLER_31_136,VDD,Metal1,81.0200,125.8725,4.999996
FILLER_31_72,VDD,Metal1,62.3150,126.2540,4.999996
FILLER_31_66,VDD,Metal1,41.8200,125.8725,4.999996
FILLER_31_2,VDD,Metal1,23.1150,126.2540,4.999996
FILLER_30_341,VDD,Metal1,194.8800,125.4400,4.999993
FILLER_30_333,VDD,Metal1,192.5865,124.8630,4.999993
FILLER_30_317,VDD,Metal1,185.9680,124.7480,4.999993
FILLER_30_314,VDD,Metal1,179.4800,125.4400,4.999993
FILLER_30_312,VDD,Metal1,178.6400,125.4400,4.999993
FILLER_30_304,VDD,Metal1,176.3465,124.8630,4.999993
FILLER_30_299,VDD,Metal1,171.0800,125.4400,4.999995
FILLER_30_295,VDD,Metal1,170.0600,125.0075,4.999995
FILLER_30_279,VDD,Metal1,164.6880,124.7480,4.999995
FILLER_30_247,VDD,Metal1,151.3155,124.6710,4.999995
FILLER_30_241,VDD,Metal1,139.8200,125.0075,4.999995
FILLER_30_177,VDD,Metal1,121.1150,124.6255,4.999995
FILLER_30_171,VDD,Metal1,100.6200,125.0075,4.999996
FILLER_30_107,VDD,Metal1,81.9150,124.6255,4.999996
FILLER_30_101,VDD,Metal1,61.4200,125.0075,4.999996
FILLER_30_37,VDD,Metal1,42.7150,124.6255,4.999996
FILLER_30_34,VDD,Metal1,22.6800,125.4400,4.999996
FILLER_30_2,VDD,Metal1,14.1155,124.6710,4.999996
FILLER_29_342,VDD,Metal1,195.1600,117.6000,4.999968
FILLER_29_340,VDD,Metal1,194.3200,117.6000,4.999968
FILLER_29_336,VDD,Metal1,193.0200,118.0325,4.999968
FILLER_29_328,VDD,Metal1,189.7865,118.1765,4.999968
FILLER_29_282,VDD,Metal1,164.0265,118.1765,4.999968
FILLER_29_278,VDD,Metal1,159.6000,117.6000,4.999969
FILLER_29_274,VDD,Metal1,158.3000,118.0325,4.999969
FILLER_29_266,VDD,Metal1,155.0665,118.1765,4.999969
FILLER_29_250,VDD,Metal1,148.4480,118.2920,4.999969
FILLER_29_234,VDD,Metal1,134.6800,117.6000,4.999970
FILLER_29_232,VDD,Metal1,133.8400,117.6000,4.999970
FILLER_29_228,VDD,Metal1,132.5400,118.0325,4.999970
FILLER_29_212,VDD,Metal1,127.1680,118.2920,4.999970
FILLER_29_209,VDD,Metal1,120.6800,117.6000,4.999970
FILLER_29_201,VDD,Metal1,118.6665,118.1765,4.999970
FILLER_29_185,VDD,Metal1,112.0480,118.2920,4.999970
FILLER_29_150,VDD,Metal1,87.6400,117.6000,4.999971
FILLER_29_142,VDD,Metal1,85.6265,118.1765,4.999971
FILLER_29_136,VDD,Metal1,81.0200,118.0325,4.999972
FILLER_29_72,VDD,Metal1,62.3150,118.4140,4.999972
FILLER_29_68,VDD,Metal1,42.0000,117.6000,4.999972
FILLER_29_36,VDD,Metal1,33.1555,118.3685,4.999972
FILLER_28_341,VDD,Metal1,194.8800,117.6000,4.999968
FILLER_28_333,VDD,Metal1,192.5865,117.0230,4.999968
FILLER_28_321,VDD,Metal1,184.6200,117.1675,4.999968
FILLER_28_279,VDD,Metal1,160.1600,117.6000,4.999969
FILLER_28_263,VDD,Metal1,155.7280,116.9080,4.999969
FILLER_28_247,VDD,Metal1,141.9600,117.6000,4.999970
FILLER_28_244,VDD,Metal1,140.2800,117.6000,4.999970
FILLER_28_236,VDD,Metal1,138.2665,117.0230,4.999970
FILLER_28_199,VDD,Metal1,115.0800,117.6000,4.999970
FILLER_28_183,VDD,Metal1,106.1200,117.6000,4.999971
FILLER_28_181,VDD,Metal1,105.2800,117.6000,4.999971
FILLER_28_177,VDD,Metal1,103.9800,117.1675,4.999971
FILLER_28_159,VDD,Metal1,92.6800,117.6000,4.999971
FILLER_28_155,VDD,Metal1,91.6600,117.1675,4.999971
FILLER_28_139,VDD,Metal1,86.2880,116.9080,4.999971
FILLER_28_107,VDD,Metal1,72.9155,116.8310,4.999972
FILLER_28_103,VDD,Metal1,61.6000,117.6000,4.999972
FILLER_28_99,VDD,Metal1,60.3000,117.1675,4.999972
FILLER_28_83,VDD,Metal1,54.9280,116.9080,4.999972
FILLER_28_45,VDD,Metal1,30.0600,117.1675,4.999972
FILLER_28_37,VDD,Metal1,26.8265,117.0230,4.999972
FILLER_28_34,VDD,Metal1,22.6800,117.6000,4.999972
FILLER_28_2,VDD,Metal1,14.1155,116.8310,4.999971
FILLER_27_308,VDD,Metal1,176.1200,109.7600,4.999949
FILLER_27_304,VDD,Metal1,175.1000,110.1925,4.999949
FILLER_27_296,VDD,Metal1,171.8665,110.3365,4.999949
FILLER_27_282,VDD,Metal1,161.5600,109.7600,4.999950
FILLER_27_279,VDD,Metal1,159.8800,109.7600,4.999950
FILLER_27_277,VDD,Metal1,159.0400,109.7600,4.999950
FILLER_27_273,VDD,Metal1,157.7400,110.1925,4.999950
FILLER_27_265,VDD,Metal1,154.5065,110.3365,4.999950
FILLER_27_227,VDD,Metal1,131.0400,109.7600,4.999951
FILLER_27_175,VDD,Metal1,101.6400,109.7600,4.999955
FILLER_27_173,VDD,Metal1,100.8000,109.7600,4.999955
FILLER_27_169,VDD,Metal1,99.5000,110.1925,4.999955
FILLER_27_150,VDD,Metal1,88.8600,110.1925,4.999960
FILLER_27_142,VDD,Metal1,85.6265,110.3365,4.999960
FILLER_27_136,VDD,Metal1,81.0200,110.1925,4.999960
FILLER_27_101,VDD,Metal1,60.2000,109.7600,4.999962
FILLER_27_97,VDD,Metal1,59.1800,110.1925,4.999962
FILLER_27_89,VDD,Metal1,55.9465,110.3365,4.999962
FILLER_27_74,VDD,Metal1,45.0800,109.7600,4.999962
FILLER_27_72,VDD,Metal1,44.2400,109.7600,4.999963
FILLER_27_69,VDD,Metal1,42.2800,109.7600,4.999964
FILLER_27_67,VDD,Metal1,41.4400,109.7600,4.999964
FILLER_27_59,VDD,Metal1,39.1465,110.3365,4.999964
FILLER_27_24,VDD,Metal1,17.0800,109.7600,4.999965
FILLER_27_20,VDD,Metal1,16.0600,110.1925,4.999965
FILLER_27_10,VDD,Metal1,10.4600,110.1925,4.999965
FILLER_27_2,VDD,Metal1,7.2265,110.3365,4.999965
FILLER_26_341,VDD,Metal1,194.8800,109.7600,4.999949
FILLER_26_333,VDD,Metal1,192.5865,109.1830,4.999949
FILLER_26_241,VDD,Metal1,139.8200,109.3275,4.999951
FILLER_26_177,VDD,Metal1,121.1150,108.9455,4.999951
FILLER_26_167,VDD,Metal1,99.6265,109.1830,4.999955
FILLER_26_129,VDD,Metal1,76.1600,109.7600,4.999960
FILLER_26_121,VDD,Metal1,73.8665,109.1830,4.999960
FILLER_26_69,VDD,Metal1,42.5600,109.7600,4.999964
FILLER_26_51,VDD,Metal1,32.4800,109.7600,4.999965
FILLER_26_47,VDD,Metal1,31.1800,109.3275,4.999965
FILLER_26_26,VDD,Metal1,18.2000,109.7600,4.999965
FILLER_26_18,VDD,Metal1,16.1865,109.1830,4.999965
FILLER_26_2,VDD,Metal1,9.5680,109.0680,4.999965
FILLER_25_336,VDD,Metal1,191.8000,101.9200,4.999885
FILLER_25_332,VDD,Metal1,190.7800,102.3525,4.999885
FILLER_25_272,VDD,Metal1,156.2400,101.9200,4.999886
FILLER_25_264,VDD,Metal1,153.9465,102.4965,4.999886
FILLER_25_248,VDD,Metal1,147.3280,102.6120,4.999890
FILLER_25_202,VDD,Metal1,119.2265,102.4965,4.999902
FILLER_25_179,VDD,Metal1,106.3465,102.4965,4.999902
FILLER_25_142,VDD,Metal1,83.1600,101.9200,4.999943
FILLER_25_139,VDD,Metal1,81.4800,101.9200,4.999943
FILLER_25_135,VDD,Metal1,80.4600,102.3525,4.999943
FILLER_25_111,VDD,Metal1,65.8000,101.9200,4.999945
FILLER_25_102,VDD,Metal1,60.7600,101.9200,4.999953
FILLER_25_100,VDD,Metal1,59.9200,101.9200,4.999953
FILLER_25_96,VDD,Metal1,58.6200,102.3525,4.999954
FILLER_25_88,VDD,Metal1,55.3865,102.4965,4.999954
FILLER_25_72,VDD,Metal1,46.4265,102.4965,4.999954
FILLER_25_69,VDD,Metal1,42.2800,101.9200,4.999955
FILLER_25_65,VDD,Metal1,41.2600,102.3525,4.999955
FILLER_25_58,VDD,Metal1,36.1200,101.9200,4.999957
FILLER_25_56,VDD,Metal1,35.2800,101.9200,4.999957
FILLER_25_52,VDD,Metal1,33.9800,102.3525,4.999957
FILLER_25_44,VDD,Metal1,30.7465,102.4965,4.999957
FILLER_24_341,VDD,Metal1,194.8800,101.9200,4.999885
FILLER_24_247,VDD,Metal1,146.7680,101.2280,4.999890
FILLER_24_173,VDD,Metal1,100.8000,101.9200,4.999943
FILLER_24_169,VDD,Metal1,99.5000,101.4875,4.999943
FILLER_24_161,VDD,Metal1,96.2665,101.3430,4.999946
FILLER_24_126,VDD,Metal1,74.2000,101.9200,4.999944
FILLER_24_99,VDD,Metal1,59.0800,101.9200,4.999954
FILLER_24_97,VDD,Metal1,58.2400,101.9200,4.999954
FILLER_24_93,VDD,Metal1,56.9400,101.4875,4.999954
FILLER_24_84,VDD,Metal1,50.6800,101.9200,4.999954
FILLER_24_82,VDD,Metal1,49.8400,101.9200,4.999954
FILLER_24_68,VDD,Metal1,42.9400,101.4875,4.999955
FILLER_24_60,VDD,Metal1,39.7065,101.3430,4.999955
FILLER_24_44,VDD,Metal1,33.0880,101.2280,4.999957
FILLER_24_39,VDD,Metal1,25.4800,101.9200,4.999958
FILLER_24_37,VDD,Metal1,24.6400,101.9200,4.999958
FILLER_24_34,VDD,Metal1,22.6800,101.9200,4.999958
FILLER_24_32,VDD,Metal1,21.8400,101.9200,4.999958
FILLER_24_2,VDD,Metal1,7.2265,101.3430,4.999958
FILLER_23_274,VDD,Metal1,157.0800,94.0800,4.999954
FILLER_23_258,VDD,Metal1,152.9280,94.7720,4.999954
FILLER_23_220,VDD,Metal1,128.0600,94.5125,4.999955
FILLER_23_212,VDD,Metal1,124.8265,94.6565,4.999955
FILLER_23_172,VDD,Metal1,101.1800,94.5125,4.999958
FILLER_23_156,VDD,Metal1,91.0000,94.0800,4.999960
FILLER_23_154,VDD,Metal1,90.1600,94.0800,4.999962
FILLER_23_150,VDD,Metal1,88.8600,94.5125,4.999962
FILLER_23_142,VDD,Metal1,83.4400,94.0800,4.999965
FILLER_23_139,VDD,Metal1,81.4800,94.0800,4.999966
FILLER_23_137,VDD,Metal1,80.6400,94.0800,4.999966
FILLER_23_133,VDD,Metal1,79.3400,94.5125,4.999966
FILLER_23_90,VDD,Metal1,54.0400,94.0800,4.999971
FILLER_23_86,VDD,Metal1,53.0200,94.5125,4.999971
FILLER_23_76,VDD,Metal1,46.4800,94.0800,4.999971
FILLER_23_72,VDD,Metal1,45.1800,94.5125,4.999971
FILLER_23_69,VDD,Metal1,42.2800,94.0800,4.999974
FILLER_23_67,VDD,Metal1,41.4400,94.0800,4.999974
FILLER_23_54,VDD,Metal1,34.1600,94.0800,4.999976
FILLER_23_48,VDD,Metal1,30.8000,94.0800,4.999976
FILLER_23_44,VDD,Metal1,29.5000,94.5125,4.999976
FILLER_23_22,VDD,Metal1,15.9600,94.0800,4.999978
FILLER_23_18,VDD,Metal1,14.9400,94.5125,4.999978
FILLER_23_2,VDD,Metal1,9.5680,94.7720,4.999978
FILLER_22_342,VDD,Metal1,195.1600,94.0800,4.999855
FILLER_22_340,VDD,Metal1,194.3200,94.0800,4.999855
FILLER_22_289,VDD,Metal1,166.7000,93.6475,4.999898
FILLER_22_279,VDD,Metal1,161.1000,93.6475,4.999952
FILLER_22_247,VDD,Metal1,151.3155,93.3110,4.999954
FILLER_22_244,VDD,Metal1,140.2800,94.0800,4.999955
FILLER_22_242,VDD,Metal1,139.4400,94.0800,4.999955
FILLER_22_230,VDD,Metal1,133.6600,93.6475,4.999955
FILLER_22_198,VDD,Metal1,123.8755,93.3110,4.999955
FILLER_22_182,VDD,Metal1,105.5600,94.0800,4.999955
FILLER_22_151,VDD,Metal1,88.4800,94.0800,4.999962
FILLER_22_141,VDD,Metal1,82.8800,94.0800,4.999965
FILLER_22_137,VDD,Metal1,81.5800,93.6475,4.999966
FILLER_22_121,VDD,Metal1,76.2080,93.3880,4.999966
FILLER_22_111,VDD,Metal1,65.8000,94.0800,4.999968
FILLER_22_107,VDD,Metal1,64.7800,93.6475,4.999968
FILLER_22_104,VDD,Metal1,61.8800,94.0800,4.999968
FILLER_22_102,VDD,Metal1,61.0400,94.0800,4.999968
FILLER_22_94,VDD,Metal1,58.7465,93.5030,4.999968
FILLER_22_78,VDD,Metal1,52.1280,93.3880,4.999971
FILLER_21_292,VDD,Metal1,167.1600,86.2400,4.999911
FILLER_21_290,VDD,Metal1,166.3200,86.2400,4.999911
FILLER_21_282,VDD,Metal1,164.0265,86.8165,4.999911
FILLER_21_272,VDD,Metal1,158.4265,86.8165,4.999911
FILLER_21_256,VDD,Metal1,151.8080,86.9320,4.999918
FILLER_21_240,VDD,Metal1,138.0400,86.2400,4.999922
FILLER_21_231,VDD,Metal1,133.0000,86.2400,4.999932
FILLER_21_229,VDD,Metal1,132.1600,86.2400,4.999932
FILLER_21_221,VDD,Metal1,129.8665,86.8165,4.999932
FILLER_21_212,VDD,Metal1,122.3600,86.2400,4.999932
FILLER_21_208,VDD,Metal1,120.4000,86.2400,4.999933
FILLER_21_192,VDD,Metal1,115.9680,86.9320,4.999933
FILLER_21_156,VDD,Metal1,91.2800,86.2400,4.999935
FILLER_21_152,VDD,Metal1,89.9800,86.6725,4.999935
FILLER_21_138,VDD,Metal1,81.2000,86.2400,4.999959
FILLER_21_130,VDD,Metal1,78.9065,86.8165,4.999959
FILLER_21_101,VDD,Metal1,62.6665,86.8165,4.999960
FILLER_21_61,VDD,Metal1,37.8000,86.2400,4.999961
FILLER_21_59,VDD,Metal1,36.9600,86.2400,4.999961
FILLER_21_51,VDD,Metal1,34.6665,86.8165,4.999961
FILLER_21_42,VDD,Metal1,27.1600,86.2400,4.999962
FILLER_21_38,VDD,Metal1,26.1400,86.6725,4.999962
FILLER_21_30,VDD,Metal1,22.9065,86.8165,4.999962
FILLER_21_24,VDD,Metal1,17.3600,86.2400,4.999964
FILLER_21_14,VDD,Metal1,11.7600,86.2400,4.999964
FILLER_20_325,VDD,Metal1,186.8600,85.8075,4.999911
FILLER_20_314,VDD,Metal1,179.4800,86.2400,4.999911
FILLER_20_271,VDD,Metal1,155.4000,86.2400,4.999918
FILLER_20_269,VDD,Metal1,154.5600,86.2400,4.999918
FILLER_20_265,VDD,Metal1,153.2600,85.8075,4.999918
FILLER_20_249,VDD,Metal1,143.0800,86.2400,4.999921
FILLER_20_247,VDD,Metal1,142.2400,86.2400,4.999921
FILLER_20_237,VDD,Metal1,138.8265,85.6630,4.999922
FILLER_20_197,VDD,Metal1,113.9600,86.2400,4.999933
FILLER_20_195,VDD,Metal1,113.1200,86.2400,4.999933
FILLER_20_191,VDD,Metal1,111.8200,85.8075,4.999934
FILLER_20_174,VDD,Metal1,101.0800,86.2400,4.999935
FILLER_20_107,VDD,Metal1,64.7800,85.8075,4.999960
FILLER_20_45,VDD,Metal1,30.0600,85.8075,4.999962
FILLER_20_37,VDD,Metal1,26.8265,85.6630,4.999962
FILLER_20_12,VDD,Metal1,10.3600,86.2400,4.999963
FILLER_20_8,VDD,Metal1,9.3400,85.8075,4.999963
FILLER_19_341,VDD,Metal1,194.8800,78.4000,4.999964
FILLER_19_337,VDD,Metal1,193.5800,78.8325,4.999964
FILLER_19_302,VDD,Metal1,172.7600,78.4000,4.999964
FILLER_19_298,VDD,Metal1,171.7400,78.8325,4.999963
FILLER_19_282,VDD,Metal1,166.3680,79.0920,4.999963
FILLER_19_228,VDD,Metal1,131.6000,78.4000,4.999964
FILLER_19_224,VDD,Metal1,130.3000,78.8325,4.999964
FILLER_19_209,VDD,Metal1,120.6800,78.4000,4.999966
FILLER_19_205,VDD,Metal1,119.6600,78.8325,4.999966
FILLER_19_197,VDD,Metal1,116.4265,78.9765,4.999966
FILLER_19_191,VDD,Metal1,110.8800,78.4000,4.999966
FILLER_19_187,VDD,Metal1,109.5800,78.8325,4.999966
FILLER_19_171,VDD,Metal1,104.2080,79.0920,4.999971
FILLER_19_166,VDD,Metal1,96.6000,78.4000,4.999972
FILLER_19_164,VDD,Metal1,95.7600,78.4000,4.999972
FILLER_19_156,VDD,Metal1,93.4665,78.9765,4.999972
FILLER_19_138,VDD,Metal1,81.2000,78.4000,4.999972
FILLER_19_130,VDD,Metal1,78.9065,78.9765,4.999972
FILLER_19_121,VDD,Metal1,72.6200,78.8325,4.999972
FILLER_19_88,VDD,Metal1,53.2000,78.4000,4.999973
FILLER_19_72,VDD,Metal1,48.7680,79.0920,4.999973
FILLER_19_68,VDD,Metal1,42.0000,78.4000,4.999973
FILLER_19_52,VDD,Metal1,32.7600,78.4000,4.999974
FILLER_19_40,VDD,Metal1,27.2600,78.8325,4.999974
FILLER_19_32,VDD,Metal1,24.0265,78.9765,4.999974
FILLER_19_2,VDD,Metal1,4.7600,78.4000,4.999974
FILLER_18_342,VDD,Metal1,195.1600,78.4000,4.999964
FILLER_18_338,VDD,Metal1,194.1400,77.9675,4.999964
FILLER_18_322,VDD,Metal1,188.7680,77.7080,4.999964
FILLER_18_311,VDD,Metal1,179.0200,77.9675,4.999964
FILLER_18_301,VDD,Metal1,172.4800,78.4000,4.999964
FILLER_18_297,VDD,Metal1,171.1800,77.9675,4.999963
FILLER_18_281,VDD,Metal1,165.8080,77.7080,4.999963
FILLER_18_243,VDD,Metal1,140.0000,78.4000,4.999963
FILLER_18_239,VDD,Metal1,138.7000,77.9675,4.999963
FILLER_18_231,VDD,Metal1,135.4665,77.8230,4.999963
FILLER_18_213,VDD,Metal1,125.3865,77.8230,4.999964
FILLER_18_183,VDD,Metal1,106.1200,78.4000,4.999971
FILLER_18_181,VDD,Metal1,105.2800,78.4000,4.999971
FILLER_18_177,VDD,Metal1,103.9800,77.9675,4.999971
FILLER_18_144,VDD,Metal1,84.5600,78.4000,4.999972
FILLER_18_112,VDD,Metal1,75.7155,77.6310,4.999972
FILLER_18_103,VDD,Metal1,61.6000,78.4000,4.999972
FILLER_18_99,VDD,Metal1,60.3000,77.9675,4.999973
FILLER_18_90,VDD,Metal1,55.2600,77.9675,4.999972
FILLER_18_74,VDD,Metal1,49.8880,77.7080,4.999973
FILLER_18_65,VDD,Metal1,40.0400,78.4000,4.999973
FILLER_18_53,VDD,Metal1,34.5400,77.9675,4.999973
FILLER_18_37,VDD,Metal1,29.1680,77.7080,4.999974
FILLER_18_34,VDD,Metal1,22.6800,78.4000,4.999975
FILLER_18_30,VDD,Metal1,21.6600,77.9675,4.999975
FILLER_18_10,VDD,Metal1,9.5200,78.4000,4.999974
FILLER_17_308,VDD,Metal1,176.1200,70.5600,4.999980
FILLER_17_306,VDD,Metal1,175.2800,70.5600,4.999980
FILLER_17_298,VDD,Metal1,172.9865,71.1365,4.999980
FILLER_17_282,VDD,Metal1,166.3680,71.2520,4.999980
FILLER_17_278,VDD,Metal1,159.6000,70.5600,4.999981
FILLER_17_274,VDD,Metal1,158.3000,70.9925,4.999981
FILLER_17_233,VDD,Metal1,134.4000,70.5600,4.999982
FILLER_17_229,VDD,Metal1,133.1000,70.9925,4.999982
FILLER_17_221,VDD,Metal1,129.8665,71.1365,4.999982
FILLER_17_204,VDD,Metal1,118.1600,70.5600,4.999982
FILLER_17_200,VDD,Metal1,116.8600,70.9925,4.999982
FILLER_17_190,VDD,Metal1,110.0400,70.5600,4.999982
FILLER_17_188,VDD,Metal1,109.2000,70.5600,4.999982
FILLER_17_180,VDD,Metal1,106.9065,71.1365,4.999982
FILLER_17_138,VDD,Metal1,81.2000,70.5600,4.999982
FILLER_17_134,VDD,Metal1,79.9000,70.9925,4.999982
FILLER_17_118,VDD,Metal1,74.5280,71.2520,4.999982
FILLER_17_100,VDD,Metal1,59.6400,70.5600,4.999985
FILLER_17_98,VDD,Metal1,58.8000,70.5600,4.999985
FILLER_17_72,VDD,Metal1,45.1800,70.9925,4.999983
FILLER_17_69,VDD,Metal1,42.2800,70.5600,4.999983
FILLER_17_38,VDD,Metal1,25.2000,70.5600,4.999983
FILLER_17_2,VDD,Metal1,5.0400,70.5600,4.999986
FILLER_16_341,VDD,Metal1,194.8800,70.5600,4.999980
FILLER_16_325,VDD,Metal1,190.4480,69.8680,4.999980
FILLER_16_313,VDD,Metal1,179.2000,70.5600,4.999980
FILLER_16_282,VDD,Metal1,161.8400,70.5600,4.999981
FILLER_16_252,VDD,Metal1,144.7600,70.5600,4.999981
FILLER_16_244,VDD,Metal1,140.2800,70.5600,4.999981
FILLER_16_201,VDD,Metal1,116.2000,70.5600,4.999982
FILLER_16_197,VDD,Metal1,115.1800,70.1275,4.999982
FILLER_16_189,VDD,Metal1,111.9465,69.9830,4.999982
FILLER_16_183,VDD,Metal1,106.1200,70.5600,4.999982
FILLER_16_181,VDD,Metal1,105.2800,70.5600,4.999982
FILLER_16_177,VDD,Metal1,103.9800,70.1275,4.999982
FILLER_16_171,VDD,Metal1,100.6200,70.1275,4.999982
FILLER_16_156,VDD,Metal1,91.2800,70.5600,4.999982
FILLER_16_136,VDD,Metal1,84.6080,69.8680,4.999982
FILLER_16_91,VDD,Metal1,54.8800,70.5600,4.999983
FILLER_16_60,VDD,Metal1,37.5200,70.5600,4.999983
FILLER_16_47,VDD,Metal1,29.9600,70.5600,4.999983
FILLER_16_45,VDD,Metal1,29.1200,70.5600,4.999983
FILLER_15_341,VDD,Metal1,194.8800,62.7200,4.999995
FILLER_15_337,VDD,Metal1,193.5800,63.1525,4.999995
FILLER_15_321,VDD,Metal1,188.2080,63.4120,4.999995
FILLER_15_282,VDD,Metal1,162.7800,63.1525,4.999995
FILLER_15_279,VDD,Metal1,159.8800,62.7200,4.999995
FILLER_15_271,VDD,Metal1,157.8665,63.2965,4.999995
FILLER_15_255,VDD,Metal1,146.4400,62.7200,4.999995
FILLER_15_224,VDD,Metal1,129.3600,62.7200,4.999996
FILLER_15_202,VDD,Metal1,119.2265,63.2965,4.999995
FILLER_15_178,VDD,Metal1,103.3200,62.7200,4.999995
FILLER_15_176,VDD,Metal1,102.4800,62.7200,4.999995
FILLER_15_160,VDD,Metal1,98.0480,63.4120,4.999995
FILLER_15_138,VDD,Metal1,81.2000,62.7200,4.999995
FILLER_15_134,VDD,Metal1,79.9000,63.1525,4.999995
FILLER_15_126,VDD,Metal1,76.6665,63.2965,4.999995
FILLER_15_96,VDD,Metal1,57.4000,62.7200,4.999995
FILLER_15_88,VDD,Metal1,55.3865,63.2965,4.999995
FILLER_15_72,VDD,Metal1,48.7680,63.4120,4.999995
FILLER_15_68,VDD,Metal1,42.0000,62.7200,4.999994
FILLER_15_60,VDD,Metal1,39.7065,63.2965,4.999994
FILLER_15_41,VDD,Metal1,26.6000,62.7200,4.999994
FILLER_15_39,VDD,Metal1,25.7600,62.7200,4.999994
FILLER_15_2,VDD,Metal1,5.0400,62.7200,4.999994
FILLER_14_341,VDD,Metal1,194.8800,62.7200,4.999995
FILLER_14_314,VDD,Metal1,179.4800,62.7200,4.999995
FILLER_14_292,VDD,Metal1,168.3800,62.2875,4.999995
FILLER_14_276,VDD,Metal1,163.0080,62.0280,4.999995
FILLER_14_247,VDD,Metal1,142.2400,62.7200,4.999995
FILLER_14_244,VDD,Metal1,140.2800,62.7200,4.999995
FILLER_14_242,VDD,Metal1,139.4400,62.7200,4.999995
FILLER_14_238,VDD,Metal1,138.1400,62.2875,4.999995
FILLER_14_222,VDD,Metal1,132.7680,62.0280,4.999996
FILLER_14_196,VDD,Metal1,113.4000,62.7200,4.999995
FILLER_14_181,VDD,Metal1,105.0000,62.7200,4.999995
FILLER_14_177,VDD,Metal1,103.9800,62.2875,4.999995
FILLER_14_171,VDD,Metal1,100.6200,62.2875,4.999995
FILLER_14_165,VDD,Metal1,96.0400,62.7200,4.999995
FILLER_14_129,VDD,Metal1,75.8800,62.7200,4.999995
FILLER_14_127,VDD,Metal1,75.0400,62.7200,4.999995
FILLER_14_123,VDD,Metal1,73.7400,62.2875,4.999995
FILLER_14_107,VDD,Metal1,68.3680,62.0280,4.999995
FILLER_14_103,VDD,Metal1,61.6000,62.7200,4.999995
FILLER_14_99,VDD,Metal1,60.3000,62.2875,4.999995
FILLER_14_83,VDD,Metal1,54.9280,62.0280,4.999995
FILLER_14_77,VDD,Metal1,46.7600,62.7200,4.999995
FILLER_14_73,VDD,Metal1,45.7400,62.2875,4.999995
FILLER_14_37,VDD,Metal1,24.6400,62.7200,4.999994
FILLER_14_2,VDD,Metal1,4.7600,62.7200,4.999994
FILLER_13_341,VDD,Metal1,194.8800,54.8800,4.999997
FILLER_13_333,VDD,Metal1,190.4000,54.8800,4.999997
FILLER_13_294,VDD,Metal1,168.5600,54.8800,4.999997
FILLER_13_290,VDD,Metal1,167.2600,55.3125,4.999997
FILLER_13_282,VDD,Metal1,164.0265,55.4565,4.999997
FILLER_13_272,VDD,Metal1,158.4265,55.4565,4.999997
FILLER_13_253,VDD,Metal1,145.6000,54.8800,4.999997
FILLER_13_237,VDD,Metal1,141.1680,55.5720,4.999997
FILLER_13_205,VDD,Metal1,118.4400,54.8800,4.999997
FILLER_13_203,VDD,Metal1,117.6000,54.8800,4.999997
FILLER_13_199,VDD,Metal1,116.3000,55.3125,4.999997
FILLER_13_191,VDD,Metal1,113.0665,55.4565,4.999997
FILLER_13_185,VDD,Metal1,107.2400,54.8800,4.999997
FILLER_13_183,VDD,Metal1,106.4000,54.8800,4.999997
FILLER_13_113,VDD,Metal1,66.9200,54.8800,4.999997
FILLER_13_109,VDD,Metal1,65.9000,55.3125,4.999997
FILLER_13_97,VDD,Metal1,59.1800,55.3125,4.999997
FILLER_13_88,VDD,Metal1,52.9200,54.8800,4.999997
FILLER_13_86,VDD,Metal1,52.0800,54.8800,4.999997
FILLER_13_72,VDD,Metal1,43.9600,54.8800,4.999996
FILLER_13_64,VDD,Metal1,39.4800,54.8800,4.999996
FILLER_13_48,VDD,Metal1,35.3280,55.5720,4.999996
FILLER_13_8,VDD,Metal1,8.1200,54.8800,4.999996
FILLER_12_342,VDD,Metal1,195.1600,54.8800,4.999997
FILLER_12_340,VDD,Metal1,194.3200,54.8800,4.999997
FILLER_12_336,VDD,Metal1,193.0200,54.4475,4.999997
FILLER_12_319,VDD,Metal1,182.2800,54.8800,4.999997
FILLER_12_317,VDD,Metal1,181.4400,54.8800,4.999997
FILLER_12_314,VDD,Metal1,179.4800,54.8800,4.999997
FILLER_12_306,VDD,Metal1,176.2200,54.4475,4.999997
FILLER_12_301,VDD,Metal1,172.2000,54.8800,4.999997
FILLER_12_299,VDD,Metal1,171.3600,54.8800,4.999997
FILLER_12_269,VDD,Metal1,154.2800,54.8800,4.999996
FILLER_12_267,VDD,Metal1,153.4400,54.8800,4.999996
FILLER_12_251,VDD,Metal1,149.0080,54.1880,4.999996
FILLER_12_216,VDD,Metal1,124.6000,54.8800,4.999997
FILLER_12_214,VDD,Metal1,123.7600,54.8800,4.999997
FILLER_12_206,VDD,Metal1,121.4665,54.3030,4.999997
FILLER_12_166,VDD,Metal1,96.6000,54.8800,4.999997
FILLER_12_162,VDD,Metal1,95.5800,54.4475,4.999997
FILLER_12_150,VDD,Metal1,87.6400,54.8800,4.999997
FILLER_12_122,VDD,Metal1,72.2400,54.8800,4.999997
FILLER_12_109,VDD,Metal1,64.6800,54.8800,4.999997
FILLER_12_107,VDD,Metal1,63.8400,54.8800,4.999997
FILLER_12_97,VDD,Metal1,60.4265,54.3030,4.999997
FILLER_12_61,VDD,Metal1,37.8000,54.8800,4.999996
FILLER_12_45,VDD,Metal1,33.6480,54.1880,4.999996
FILLER_12_33,VDD,Metal1,22.4000,54.8800,4.999996
FILLER_12_2,VDD,Metal1,5.0400,54.8800,4.999996
FILLER_11_309,VDD,Metal1,176.6800,47.0400,4.999996
FILLER_11_307,VDD,Metal1,175.8400,47.0400,4.999996
FILLER_11_290,VDD,Metal1,167.2600,47.4725,4.999996
FILLER_11_282,VDD,Metal1,164.0265,47.6165,4.999996
FILLER_11_279,VDD,Metal1,159.8800,47.0400,4.999996
FILLER_11_277,VDD,Metal1,159.0400,47.0400,4.999996
FILLER_11_273,VDD,Metal1,157.7400,47.4725,4.999996
FILLER_11_265,VDD,Metal1,154.5065,47.6165,4.999996
FILLER_11_230,VDD,Metal1,132.7200,47.0400,4.999997
FILLER_11_216,VDD,Metal1,124.6000,47.0400,4.999997
FILLER_11_212,VDD,Metal1,123.5800,47.4725,4.999997
FILLER_11_209,VDD,Metal1,120.6800,47.0400,4.999997
FILLER_11_207,VDD,Metal1,119.8400,47.0400,4.999997
FILLER_11_191,VDD,Metal1,115.4080,47.7320,4.999997
FILLER_11_184,VDD,Metal1,106.9600,47.0400,4.999997
FILLER_11_180,VDD,Metal1,105.6600,47.4725,4.999997
FILLER_11_172,VDD,Metal1,102.4265,47.6165,4.999997
FILLER_11_156,VDD,Metal1,95.8080,47.7320,4.999997
FILLER_11_149,VDD,Metal1,87.0800,47.0400,4.999997
FILLER_11_139,VDD,Metal1,81.4800,47.0400,4.999998
FILLER_11_137,VDD,Metal1,80.6400,47.0400,4.999998
FILLER_11_133,VDD,Metal1,79.3400,47.4725,4.999998
FILLER_11_125,VDD,Metal1,76.1065,47.6165,4.999998
FILLER_11_92,VDD,Metal1,55.1600,47.0400,4.999998
FILLER_11_88,VDD,Metal1,54.1400,47.4725,4.999998
FILLER_11_72,VDD,Metal1,48.7680,47.7320,4.999998
FILLER_11_41,VDD,Metal1,26.6000,47.0400,4.999997
FILLER_11_39,VDD,Metal1,25.7600,47.0400,4.999997
FILLER_11_35,VDD,Metal1,24.4600,47.4725,4.999996
FILLER_11_10,VDD,Metal1,9.2400,47.0400,4.999996
FILLER_11_8,VDD,Metal1,8.4000,47.0400,4.999996
FILLER_10_342,VDD,Metal1,195.1600,47.0400,4.999995
FILLER_10_333,VDD,Metal1,190.1200,47.0400,4.999995
FILLER_10_317,VDD,Metal1,181.4400,47.0400,4.999995
FILLER_10_311,VDD,Metal1,179.0200,46.6075,4.999996
FILLER_10_263,VDD,Metal1,151.2000,47.0400,4.999996
FILLER_10_247,VDD,Metal1,146.7680,46.3480,4.999997
FILLER_10_237,VDD,Metal1,138.8265,46.4630,4.999997
FILLER_10_231,VDD,Metal1,133.0000,47.0400,4.999997
FILLER_10_229,VDD,Metal1,132.1600,47.0400,4.999997
FILLER_10_225,VDD,Metal1,130.8600,46.6075,4.999997
FILLER_10_209,VDD,Metal1,125.4880,46.3480,4.999997
FILLER_10_204,VDD,Metal1,117.8800,47.0400,4.999997
FILLER_10_196,VDD,Metal1,115.8665,46.4630,4.999997
FILLER_10_182,VDD,Metal1,105.8400,47.0400,4.999997
FILLER_10_174,VDD,Metal1,101.0800,47.0400,4.999997
FILLER_10_172,VDD,Metal1,100.2400,47.0400,4.999997
FILLER_10_163,VDD,Metal1,94.9200,47.0400,4.999997
FILLER_10_161,VDD,Metal1,94.0800,47.0400,4.999997
FILLER_10_153,VDD,Metal1,91.7865,46.4630,4.999997
FILLER_10_139,VDD,Metal1,81.4800,47.0400,4.999998
FILLER_10_137,VDD,Metal1,80.6400,47.0400,4.999998
FILLER_10_133,VDD,Metal1,79.3400,46.6075,4.999998
FILLER_10_117,VDD,Metal1,70.3800,46.6075,4.999998
FILLER_10_98,VDD,Metal1,58.5200,47.0400,4.999998
FILLER_10_84,VDD,Metal1,51.9000,46.6075,4.999998
FILLER_10_37,VDD,Metal1,24.3600,47.0400,4.999996
FILLER_9_310,VDD,Metal1,178.4600,39.6325,4.999996
FILLER_9_282,VDD,Metal1,164.0265,39.7765,4.999996
FILLER_9_212,VDD,Metal1,122.6400,39.2000,4.999997
FILLER_9_197,VDD,Metal1,115.1800,39.6325,4.999997
FILLER_9_189,VDD,Metal1,111.9465,39.7765,4.999997
FILLER_9_153,VDD,Metal1,89.6000,39.2000,4.999997
FILLER_9_139,VDD,Metal1,81.4800,39.2000,4.999998
FILLER_9_121,VDD,Metal1,71.6800,39.2000,4.999998
FILLER_9_117,VDD,Metal1,70.3800,39.6325,4.999998
FILLER_9_56,VDD,Metal1,35.2800,39.2000,4.999998
FILLER_9_46,VDD,Metal1,29.4000,39.2000,4.999998
FILLER_9_44,VDD,Metal1,28.5600,39.2000,4.999998
FILLER_9_40,VDD,Metal1,27.2600,39.6325,4.999998
FILLER_9_8,VDD,Metal1,17.4755,39.9685,4.999998
FILLER_8_342,VDD,Metal1,195.1600,39.2000,4.999996
FILLER_8_325,VDD,Metal1,185.6400,39.2000,4.999996
FILLER_8_317,VDD,Metal1,183.6265,38.6230,4.999996
FILLER_8_275,VDD,Metal1,157.9200,39.2000,4.999997
FILLER_8_271,VDD,Metal1,156.6200,38.7675,4.999997
FILLER_8_263,VDD,Metal1,153.3865,38.6230,4.999997
FILLER_8_243,VDD,Metal1,140.0000,39.2000,4.999997
FILLER_8_227,VDD,Metal1,135.5680,38.5080,4.999997
FILLER_8_194,VDD,Metal1,113.5000,38.7675,4.999997
FILLER_8_186,VDD,Metal1,110.2665,38.6230,4.999997
FILLER_8_174,VDD,Metal1,101.0800,39.2000,4.999997
FILLER_8_170,VDD,Metal1,100.0600,38.7675,4.999997
FILLER_8_133,VDD,Metal1,80.5865,38.6230,4.999998
FILLER_8_123,VDD,Metal1,73.7400,38.7675,4.999998
FILLER_8_107,VDD,Metal1,68.3680,38.5080,4.999998
FILLER_8_101,VDD,Metal1,61.4200,38.7675,4.999998
FILLER_8_90,VDD,Metal1,54.0400,39.2000,4.999998
FILLER_8_88,VDD,Metal1,53.2000,39.2000,4.999998
FILLER_8_84,VDD,Metal1,51.9000,38.7675,4.999998
FILLER_8_76,VDD,Metal1,48.6665,38.6230,4.999998
FILLER_8_70,VDD,Metal1,42.8400,39.2000,4.999998
FILLER_8_68,VDD,Metal1,42.0000,39.2000,4.999998
FILLER_8_57,VDD,Metal1,35.8400,39.2000,4.999998
FILLER_8_53,VDD,Metal1,34.5400,38.7675,4.999998
FILLER_8_37,VDD,Metal1,29.1680,38.5080,4.999998
FILLER_8_34,VDD,Metal1,22.6800,39.2000,4.999998
FILLER_8_2,VDD,Metal1,14.1155,38.4310,4.999998
FILLER_7_312,VDD,Metal1,178.6400,31.3600,4.999989
FILLER_7_288,VDD,Metal1,164.9200,31.3600,4.999980
FILLER_7_286,VDD,Metal1,164.0800,31.3600,4.999980
FILLER_7_279,VDD,Metal1,159.8800,31.3600,4.999979
FILLER_7_271,VDD,Metal1,157.8665,31.9365,4.999979
FILLER_7_241,VDD,Metal1,138.6000,31.3600,4.999978
FILLER_7_208,VDD,Metal1,120.4000,31.3600,4.999978
FILLER_7_204,VDD,Metal1,119.1000,31.7925,4.999978
FILLER_7_194,VDD,Metal1,112.5600,31.3600,4.999978
FILLER_7_164,VDD,Metal1,95.4800,31.3600,4.999977
FILLER_7_162,VDD,Metal1,94.6400,31.3600,4.999977
FILLER_7_158,VDD,Metal1,93.3400,31.7925,4.999977
FILLER_7_142,VDD,Metal1,87.9680,32.0520,4.999977
FILLER_7_138,VDD,Metal1,81.2000,31.3600,4.999977
FILLER_7_134,VDD,Metal1,79.9000,31.7925,4.999977
FILLER_7_102,VDD,Metal1,70.1155,32.1285,4.999977
FILLER_7_88,VDD,Metal1,55.3865,31.9365,4.999975
FILLER_7_72,VDD,Metal1,48.7680,32.0520,4.999972
FILLER_7_69,VDD,Metal1,42.2800,31.3600,4.999971
FILLER_7_67,VDD,Metal1,41.4400,31.3600,4.999971
FILLER_7_63,VDD,Metal1,40.1400,31.7925,4.999971
FILLER_7_40,VDD,Metal1,26.0400,31.3600,4.999965
FILLER_7_38,VDD,Metal1,25.2000,31.3600,4.999965
FILLER_7_34,VDD,Metal1,23.9000,31.7925,4.999964
FILLER_7_2,VDD,Metal1,4.7600,31.3600,4.999963
FILLER_6_342,VDD,Metal1,195.1600,31.3600,4.999989
FILLER_6_333,VDD,Metal1,190.1200,31.3600,4.999989
FILLER_6_331,VDD,Metal1,189.2800,31.3600,4.999989
FILLER_6_314,VDD,Metal1,179.4800,31.3600,4.999989
FILLER_6_294,VDD,Metal1,168.2800,31.3600,4.999988
FILLER_6_290,VDD,Metal1,167.2600,30.9275,4.999984
FILLER_6_282,VDD,Metal1,164.0265,30.7830,4.999980
FILLER_6_251,VDD,Metal1,144.4800,31.3600,4.999979
FILLER_6_247,VDD,Metal1,143.1800,30.9275,4.999979
FILLER_6_181,VDD,Metal1,123.3550,30.5455,4.999978
FILLER_6_174,VDD,Metal1,101.0800,31.3600,4.999978
FILLER_6_170,VDD,Metal1,100.0600,30.9275,4.999978
FILLER_6_154,VDD,Metal1,94.6880,30.6680,4.999977
FILLER_6_117,VDD,Metal1,69.1600,31.3600,4.999977
FILLER_6_115,VDD,Metal1,68.3200,31.3600,4.999977
FILLER_6_75,VDD,Metal1,46.8600,30.9275,4.999972
FILLER_6_62,VDD,Metal1,38.3600,31.3600,4.999966
FILLER_6_60,VDD,Metal1,37.5200,31.3600,4.999966
FILLER_6_2,VDD,Metal1,5.9800,30.9275,4.999963
FILLER_5_341,VDD,Metal1,194.8800,23.5200,4.999990
FILLER_5_337,VDD,Metal1,193.5800,23.9525,4.999990
FILLER_5_321,VDD,Metal1,188.2080,24.2120,4.999990
FILLER_5_282,VDD,Metal1,162.7800,23.9525,4.999989
FILLER_5_276,VDD,Metal1,159.4200,23.9525,4.999989
FILLER_5_212,VDD,Metal1,140.7150,24.3340,4.999989
FILLER_5_206,VDD,Metal1,120.2200,23.9525,4.999989
FILLER_5_142,VDD,Metal1,101.5150,24.3340,4.999989
FILLER_5_138,VDD,Metal1,81.2000,23.5200,4.999989
FILLER_5_130,VDD,Metal1,78.9065,24.0965,4.999989
FILLER_5_113,VDD,Metal1,67.2000,23.5200,4.999989
FILLER_5_93,VDD,Metal1,55.7200,23.5200,4.999989
FILLER_5_91,VDD,Metal1,54.8800,23.5200,4.999989
FILLER_5_80,VDD,Metal1,48.4400,23.5200,4.999989
FILLER_5_76,VDD,Metal1,47.4200,23.9525,4.999989
FILLER_5_69,VDD,Metal1,42.2800,23.5200,4.999986
FILLER_5_55,VDD,Metal1,34.4400,23.5200,4.999985
FILLER_5_53,VDD,Metal1,33.6000,23.5200,4.999985
FILLER_5_22,VDD,Metal1,15.9600,23.5200,4.999981
FILLER_5_18,VDD,Metal1,14.9400,23.9525,4.999981
FILLER_5_2,VDD,Metal1,9.5680,24.2120,4.999981
FILLER_4_341,VDD,Metal1,194.8800,23.5200,4.999990
FILLER_4_333,VDD,Metal1,192.5865,22.9430,4.999990
FILLER_4_317,VDD,Metal1,185.9680,22.8280,4.999990
FILLER_4_307,VDD,Metal1,178.0265,22.9430,4.999990
FILLER_4_295,VDD,Metal1,170.0600,23.0875,4.999989
FILLER_4_279,VDD,Metal1,164.6880,22.8280,4.999989
FILLER_4_247,VDD,Metal1,151.3155,22.7510,4.999989
FILLER_4_241,VDD,Metal1,139.8200,23.0875,4.999989
FILLER_4_177,VDD,Metal1,121.1150,22.7055,4.999989
FILLER_4_174,VDD,Metal1,101.0800,23.5200,4.999989
FILLER_4_170,VDD,Metal1,100.0600,23.0875,4.999989
FILLER_4_154,VDD,Metal1,94.6880,22.8280,4.999989
FILLER_4_122,VDD,Metal1,71.9600,23.5200,4.999989
FILLER_4_104,VDD,Metal1,61.8800,23.5200,4.999989
FILLER_4_88,VDD,Metal1,52.9200,23.5200,4.999989
FILLER_4_84,VDD,Metal1,51.9000,23.0875,4.999989
FILLER_4_68,VDD,Metal1,46.5280,22.8280,4.999989
FILLER_3_310,VDD,Metal1,177.5200,15.6800,4.999992
FILLER_3_306,VDD,Metal1,176.2200,16.1125,4.999992
FILLER_3_298,VDD,Metal1,172.9865,16.2565,4.999992
FILLER_3_282,VDD,Metal1,166.3680,16.3720,4.999992
FILLER_3_276,VDD,Metal1,159.4200,16.1125,4.999992
FILLER_3_212,VDD,Metal1,140.7150,16.4940,4.999992
FILLER_3_208,VDD,Metal1,120.4000,15.6800,4.999992
FILLER_3_200,VDD,Metal1,118.1065,16.2565,4.999992
FILLER_3_184,VDD,Metal1,111.4880,16.3720,4.999992
FILLER_3_152,VDD,Metal1,98.1155,16.4485,4.999992
FILLER_3_138,VDD,Metal1,81.2000,15.6800,4.999992
FILLER_3_126,VDD,Metal1,75.4200,16.1125,4.999992
FILLER_3_118,VDD,Metal1,72.1865,16.2565,4.999992
FILLER_3_85,VDD,Metal1,51.2400,15.6800,4.999987
FILLER_3_80,VDD,Metal1,48.4400,15.6800,4.999987
FILLER_3_72,VDD,Metal1,46.4265,16.2565,4.999987
FILLER_3_66,VDD,Metal1,41.8200,16.1125,4.999986
FILLER_3_18,VDD,Metal1,14.9400,16.1125,4.999988
FILLER_3_2,VDD,Metal1,9.5680,16.3720,4.999988
FILLER_2_333,VDD,Metal1,191.3400,15.2475,4.999991
FILLER_2_317,VDD,Metal1,185.9680,14.9880,4.999991
FILLER_2_311,VDD,Metal1,179.0200,15.2475,4.999992
FILLER_2_247,VDD,Metal1,160.3150,14.8655,4.999992
FILLER_2_241,VDD,Metal1,139.8200,15.2475,4.999992
FILLER_2_177,VDD,Metal1,121.1150,14.8655,4.999992
FILLER_2_174,VDD,Metal1,101.0800,15.6800,4.999992
FILLER_2_172,VDD,Metal1,100.2400,15.6800,4.999992
FILLER_2_168,VDD,Metal1,98.9400,15.2475,4.999992
FILLER_2_160,VDD,Metal1,95.7065,15.1030,4.999992
FILLER_2_130,VDD,Metal1,76.4400,15.6800,4.999992
FILLER_2_128,VDD,Metal1,75.6000,15.6800,4.999992
FILLER_2_124,VDD,Metal1,74.3000,15.2475,4.999992
FILLER_2_103,VDD,Metal1,61.6000,15.6800,4.999990
FILLER_2_82,VDD,Metal1,49.5600,15.6800,4.999987
FILLER_2_80,VDD,Metal1,48.7200,15.6800,4.999987
FILLER_2_76,VDD,Metal1,47.4200,15.2475,4.999987
FILLER_2_45,VDD,Metal1,29.1200,15.6800,4.999987
FILLER_2_37,VDD,Metal1,26.8265,15.1030,4.999987
FILLER_2_34,VDD,Metal1,22.6800,15.6800,4.999988
FILLER_2_2,VDD,Metal1,14.1155,14.9110,4.999988
FILLER_1_342,VDD,Metal1,195.1600,7.8400,4.999996
FILLER_1_338,VDD,Metal1,194.1400,8.2725,4.999996
FILLER_1_330,VDD,Metal1,190.9065,8.4165,4.999996
FILLER_1_314,VDD,Metal1,184.2880,8.5320,4.999996
FILLER_1_282,VDD,Metal1,170.9155,8.6085,4.999996
FILLER_1_276,VDD,Metal1,159.4200,8.2725,4.999996
FILLER_1_212,VDD,Metal1,140.7150,8.6540,4.999995
FILLER_1_209,VDD,Metal1,120.6800,7.8400,4.999995
FILLER_1_207,VDD,Metal1,119.8400,7.8400,4.999995
FILLER_1_203,VDD,Metal1,118.5400,8.2725,4.999995
FILLER_1_171,VDD,Metal1,108.7555,8.6085,4.999995
FILLER_1_131,VDD,Metal1,77.0000,7.8400,4.999983
FILLER_1_129,VDD,Metal1,76.1600,7.8400,4.999983
FILLER_1_125,VDD,Metal1,74.8600,8.2725,4.999983
FILLER_1_117,VDD,Metal1,71.6265,8.4165,4.999983
FILLER_1_72,VDD,Metal1,48.7680,8.5320,4.999983
FILLER_1_40,VDD,Metal1,26.0400,7.8400,4.999982
FILLER_1_38,VDD,Metal1,25.2000,7.8400,4.999982
FILLER_1_34,VDD,Metal1,23.9000,8.2725,4.999982
FILLER_1_2,VDD,Metal1,14.1155,8.6085,4.999983
FILLER_0_342,VDD,Metal1,195.1600,7.8400,4.999996
FILLER_0_308,VDD,Metal1,185.4755,7.0710,4.999996
FILLER_0_274,VDD,Metal1,166.4355,7.0710,4.999996
FILLER_0_240,VDD,Metal1,147.3955,7.0710,4.999995
FILLER_0_206,VDD,Metal1,128.3555,7.0710,4.999995
FILLER_0_172,VDD,Metal1,109.3155,7.0710,4.999995
FILLER_0_138,VDD,Metal1,90.2755,7.0710,4.999994
FILLER_0_134,VDD,Metal1,78.9600,7.8400,4.999983
FILLER_0_126,VDD,Metal1,76.6665,7.2630,4.999983
FILLER_0_110,VDD,Metal1,70.0480,7.1480,4.999983
FILLER_0_101,VDD,Metal1,60.2000,7.8400,4.999983
FILLER_0_88,VDD,Metal1,52.9200,7.8400,4.999983
FILLER_0_86,VDD,Metal1,52.0800,7.8400,4.999982
FILLER_0_70,VDD,Metal1,47.6480,7.1480,4.999982
FILLER_0_36,VDD,Metal1,33.1555,7.0710,4.999982
FILLER_0_2,VDD,Metal1,14.1155,7.0710,4.999983
clkload0,VDD,Metal1,169.2430,93.6015,4.999855
clkbuf_1_1__f_clk,VDD,Metal1,181.5885,86.7370,4.999911
clkbuf_1_0__f_clk,VDD,Metal1,175.4285,102.4170,4.999885
clkbuf_0_clk,VDD,Metal1,181.5885,94.5770,4.999855
_671__35,VDD,Metal1,182.3300,117.1310,4.999968
fanout34,VDD,Metal1,192.3380,46.6365,4.999995
fanout33,VDD,Metal1,191.3720,85.7720,4.999911
fanout32,VDD,Metal1,156.3880,78.8740,4.999963
fanout31,VDD,Metal1,188.4615,38.7965,4.999996
fanout30,VDD,Metal1,85.3780,93.6765,4.999963
fanout29,VDD,Metal1,86.6520,78.8740,4.999972
fanout28,VDD,Metal1,54.4680,71.0340,4.999983
fanout27,VDD,Metal1,171.6365,101.5300,4.999885
fanout26,VDD,Metal1,183.4215,85.8365,4.999911
fanout25,VDD,Metal1,135.2180,86.6430,4.999929
fanout24,VDD,Metal1,187.9015,62.3165,4.999995
fanout23,VDD,Metal1,192.3815,62.3165,4.999995
fanout22,VDD,Metal1,90.7300,93.8075,4.999960
fanout21,VDD,Metal1,85.5800,94.3810,4.999963
fanout20,VDD,Metal1,94.9415,93.6765,4.999959
fanout19,VDD,Metal1,42.2580,93.6765,4.999974
fanout18,VDD,Metal1,94.0700,62.4475,4.999995
fanout17,VDD,Metal1,34.4180,63.1230,4.999994
fanout16,VDD,Metal1,125.1815,86.6430,4.999932
fanout15,VDD,Metal1,106.6200,85.6710,4.999934
fanout14,VDD,Metal1,28.8615,31.7630,4.999965
fanout13,VDD,Metal1,18.1780,23.9230,4.999981
fanout12,VDD,Metal1,136.8980,70.9630,4.999982
input11,VDD,Metal1,21.1800,62.4185,4.999994
input10,VDD,Metal1,193.8600,15.3785,4.999991
input9,VDD,Metal1,193.8600,102.2210,4.999885
input8,VDD,Metal1,21.1800,85.9385,4.999963
input7,VDD,Metal1,6.0600,86.5410,4.999963
input6,VDD,Metal1,9.4200,86.5410,4.999963
input5,VDD,Metal1,6.1700,85.9675,4.999963
input4,VDD,Metal1,6.1700,39.4725,4.999998
input3,VDD,Metal1,6.1700,47.3125,4.999996
input2,VDD,Metal1,7.0215,77.9965,4.999974
input1,VDD,Metal1,6.1700,55.1525,4.999996
_669__37,VDD,Metal1,167.2100,118.0685,4.999968
_670__36,VDD,Metal1,172.8100,124.9710,4.999994
TAP_TAPCELL_ROW_32_224,VDD,Metal1,194.3200,132.6100,5.000000
TAP_TAPCELL_ROW_32_223,VDD,Metal1,175.2800,132.6100,5.000000
TAP_TAPCELL_ROW_32_222,VDD,Metal1,156.2400,132.6100,5.000000
TAP_TAPCELL_ROW_32_221,VDD,Metal1,137.2000,132.6100,5.000000
TAP_TAPCELL_ROW_32_220,VDD,Metal1,118.1600,132.6100,5.000000
TAP_TAPCELL_ROW_32_219,VDD,Metal1,99.1200,132.6100,5.000000
TAP_TAPCELL_ROW_32_218,VDD,Metal1,80.0800,132.6100,5.000000
TAP_TAPCELL_ROW_32_217,VDD,Metal1,61.0400,132.6100,5.000000
TAP_TAPCELL_ROW_32_216,VDD,Metal1,42.0000,132.6100,5.000000
TAP_TAPCELL_ROW_32_215,VDD,Metal1,22.9600,132.6100,5.000000
TAP_TAPCELL_ROW_31_214,VDD,Metal1,160.7200,126.1100,4.999995
TAP_TAPCELL_ROW_31_213,VDD,Metal1,121.5200,126.1100,4.999995
TAP_TAPCELL_ROW_31_212,VDD,Metal1,82.3200,126.1100,4.999996
TAP_TAPCELL_ROW_31_211,VDD,Metal1,43.1200,126.1100,4.999996
TAP_TAPCELL_ROW_30_210,VDD,Metal1,180.3200,124.7700,4.999993
TAP_TAPCELL_ROW_30_209,VDD,Metal1,141.1200,124.7700,4.999995
TAP_TAPCELL_ROW_30_208,VDD,Metal1,101.9200,124.7700,4.999996
TAP_TAPCELL_ROW_30_207,VDD,Metal1,62.7200,124.7700,4.999996
TAP_TAPCELL_ROW_30_206,VDD,Metal1,23.5200,124.7700,4.999996
TAP_TAPCELL_ROW_29_205,VDD,Metal1,160.7200,118.2700,4.999968
TAP_TAPCELL_ROW_29_204,VDD,Metal1,121.5200,118.2700,4.999970
TAP_TAPCELL_ROW_29_203,VDD,Metal1,82.3200,118.2700,4.999972
TAP_TAPCELL_ROW_29_202,VDD,Metal1,43.1200,118.2700,4.999972
TAP_TAPCELL_ROW_28_201,VDD,Metal1,180.3200,116.9300,4.999968
TAP_TAPCELL_ROW_28_200,VDD,Metal1,141.1200,116.9300,4.999970
TAP_TAPCELL_ROW_28_199,VDD,Metal1,101.9200,116.9300,4.999971
TAP_TAPCELL_ROW_28_198,VDD,Metal1,62.7200,116.9300,4.999972
TAP_TAPCELL_ROW_28_197,VDD,Metal1,23.5200,116.9300,4.999972
TAP_TAPCELL_ROW_27_196,VDD,Metal1,160.7200,110.4300,4.999950
TAP_TAPCELL_ROW_27_195,VDD,Metal1,121.5200,110.4300,4.999951
TAP_TAPCELL_ROW_27_194,VDD,Metal1,82.3200,110.4300,4.999960
TAP_TAPCELL_ROW_27_193,VDD,Metal1,43.1200,110.4300,4.999963
TAP_TAPCELL_ROW_26_192,VDD,Metal1,180.3200,109.0900,4.999949
TAP_TAPCELL_ROW_26_191,VDD,Metal1,141.1200,109.0900,4.999951
TAP_TAPCELL_ROW_26_190,VDD,Metal1,101.9200,109.0900,4.999954
TAP_TAPCELL_ROW_26_189,VDD,Metal1,62.7200,109.0900,4.999960
TAP_TAPCELL_ROW_26_188,VDD,Metal1,23.5200,109.0900,4.999965
TAP_TAPCELL_ROW_25_187,VDD,Metal1,160.7200,102.5900,4.999886
TAP_TAPCELL_ROW_25_186,VDD,Metal1,121.5200,102.5900,4.999901
TAP_TAPCELL_ROW_25_185,VDD,Metal1,82.3200,102.5900,4.999943
TAP_TAPCELL_ROW_25_184,VDD,Metal1,43.1200,102.5900,4.999955
TAP_TAPCELL_ROW_24_183,VDD,Metal1,180.3200,101.2500,4.999885
TAP_TAPCELL_ROW_24_182,VDD,Metal1,141.1200,101.2500,4.999898
TAP_TAPCELL_ROW_24_181,VDD,Metal1,101.9200,101.2500,4.999943
TAP_TAPCELL_ROW_24_180,VDD,Metal1,62.7200,101.2500,4.999945
TAP_TAPCELL_ROW_24_179,VDD,Metal1,23.5200,101.2500,4.999958
TAP_TAPCELL_ROW_23_178,VDD,Metal1,160.7200,94.7500,4.999952
TAP_TAPCELL_ROW_23_177,VDD,Metal1,121.5200,94.7500,4.999955
TAP_TAPCELL_ROW_23_176,VDD,Metal1,82.3200,94.7500,4.999965
TAP_TAPCELL_ROW_23_175,VDD,Metal1,43.1200,94.7500,4.999974
TAP_TAPCELL_ROW_22_174,VDD,Metal1,180.3200,93.4100,4.999855
TAP_TAPCELL_ROW_22_173,VDD,Metal1,141.1200,93.4100,4.999955
TAP_TAPCELL_ROW_22_172,VDD,Metal1,101.9200,93.4100,4.999958
TAP_TAPCELL_ROW_22_171,VDD,Metal1,62.7200,93.4100,4.999968
TAP_TAPCELL_ROW_22_170,VDD,Metal1,23.5200,93.4100,4.999977
TAP_TAPCELL_ROW_21_169,VDD,Metal1,160.7200,86.9100,4.999911
TAP_TAPCELL_ROW_21_168,VDD,Metal1,121.5200,86.9100,4.999933
TAP_TAPCELL_ROW_21_167,VDD,Metal1,82.3200,86.9100,4.999959
TAP_TAPCELL_ROW_21_166,VDD,Metal1,43.1200,86.9100,4.999961
TAP_TAPCELL_ROW_20_165,VDD,Metal1,180.3200,85.5700,4.999911
TAP_TAPCELL_ROW_20_164,VDD,Metal1,141.1200,85.5700,4.999921
TAP_TAPCELL_ROW_20_163,VDD,Metal1,101.9200,85.5700,4.999935
TAP_TAPCELL_ROW_20_162,VDD,Metal1,62.7200,85.5700,4.999960
TAP_TAPCELL_ROW_20_161,VDD,Metal1,23.5200,85.5700,4.999962
TAP_TAPCELL_ROW_19_160,VDD,Metal1,160.7200,79.0700,4.999963
TAP_TAPCELL_ROW_19_159,VDD,Metal1,121.5200,79.0700,4.999965
TAP_TAPCELL_ROW_19_158,VDD,Metal1,82.3200,79.0700,4.999972
TAP_TAPCELL_ROW_19_157,VDD,Metal1,43.1200,79.0700,4.999973
TAP_TAPCELL_ROW_18_156,VDD,Metal1,180.3200,77.7300,4.999964
TAP_TAPCELL_ROW_18_155,VDD,Metal1,141.1200,77.7300,4.999963
TAP_TAPCELL_ROW_18_154,VDD,Metal1,101.9200,77.7300,4.999971
TAP_TAPCELL_ROW_18_153,VDD,Metal1,62.7200,77.7300,4.999972
TAP_TAPCELL_ROW_18_152,VDD,Metal1,23.5200,77.7300,4.999974
TAP_TAPCELL_ROW_17_151,VDD,Metal1,160.7200,71.2300,4.999981
TAP_TAPCELL_ROW_17_150,VDD,Metal1,121.5200,71.2300,4.999982
TAP_TAPCELL_ROW_17_149,VDD,Metal1,82.3200,71.2300,4.999982
TAP_TAPCELL_ROW_17_148,VDD,Metal1,43.1200,71.2300,4.999983
TAP_TAPCELL_ROW_16_147,VDD,Metal1,180.3200,69.8900,4.999980
TAP_TAPCELL_ROW_16_146,VDD,Metal1,141.1200,69.8900,4.999981
TAP_TAPCELL_ROW_16_145,VDD,Metal1,101.9200,69.8900,4.999982
TAP_TAPCELL_ROW_16_144,VDD,Metal1,62.7200,69.8900,4.999983
TAP_TAPCELL_ROW_16_143,VDD,Metal1,23.5200,69.8900,4.999986
TAP_TAPCELL_ROW_15_142,VDD,Metal1,160.7200,63.3900,4.999995
TAP_TAPCELL_ROW_15_141,VDD,Metal1,121.5200,63.3900,4.999995
TAP_TAPCELL_ROW_15_140,VDD,Metal1,82.3200,63.3900,4.999995
TAP_TAPCELL_ROW_15_139,VDD,Metal1,43.1200,63.3900,4.999995
TAP_TAPCELL_ROW_14_138,VDD,Metal1,180.3200,62.0500,4.999995
TAP_TAPCELL_ROW_14_137,VDD,Metal1,141.1200,62.0500,4.999995
TAP_TAPCELL_ROW_14_136,VDD,Metal1,101.9200,62.0500,4.999995
TAP_TAPCELL_ROW_14_135,VDD,Metal1,62.7200,62.0500,4.999995
TAP_TAPCELL_ROW_14_134,VDD,Metal1,23.5200,62.0500,4.999994
TAP_TAPCELL_ROW_13_133,VDD,Metal1,160.7200,55.5500,4.999997
TAP_TAPCELL_ROW_13_132,VDD,Metal1,121.5200,55.5500,4.999997
TAP_TAPCELL_ROW_13_131,VDD,Metal1,82.3200,55.5500,4.999997
TAP_TAPCELL_ROW_13_130,VDD,Metal1,43.1200,55.5500,4.999996
TAP_TAPCELL_ROW_12_129,VDD,Metal1,180.3200,54.2100,4.999997
TAP_TAPCELL_ROW_12_128,VDD,Metal1,141.1200,54.2100,4.999997
TAP_TAPCELL_ROW_12_127,VDD,Metal1,101.9200,54.2100,4.999997
TAP_TAPCELL_ROW_12_126,VDD,Metal1,62.7200,54.2100,4.999997
TAP_TAPCELL_ROW_12_125,VDD,Metal1,23.5200,54.2100,4.999996
TAP_TAPCELL_ROW_11_124,VDD,Metal1,160.7200,47.7100,4.999996
TAP_TAPCELL_ROW_11_123,VDD,Metal1,121.5200,47.7100,4.999997
TAP_TAPCELL_ROW_11_122,VDD,Metal1,82.3200,47.7100,4.999997
TAP_TAPCELL_ROW_11_121,VDD,Metal1,43.1200,47.7100,4.999997
TAP_TAPCELL_ROW_10_120,VDD,Metal1,180.3200,46.3700,4.999996
TAP_TAPCELL_ROW_10_119,VDD,Metal1,141.1200,46.3700,4.999997
TAP_TAPCELL_ROW_10_118,VDD,Metal1,101.9200,46.3700,4.999997
TAP_TAPCELL_ROW_10_117,VDD,Metal1,62.7200,46.3700,4.999998
TAP_TAPCELL_ROW_10_116,VDD,Metal1,23.5200,46.3700,4.999996
TAP_TAPCELL_ROW_9_115,VDD,Metal1,160.7200,39.8700,4.999996
TAP_TAPCELL_ROW_9_114,VDD,Metal1,121.5200,39.8700,4.999997
TAP_TAPCELL_ROW_9_113,VDD,Metal1,82.3200,39.8700,4.999998
TAP_TAPCELL_ROW_9_112,VDD,Metal1,43.1200,39.8700,4.999998
TAP_TAPCELL_ROW_8_111,VDD,Metal1,180.3200,38.5300,4.999996
TAP_TAPCELL_ROW_8_110,VDD,Metal1,141.1200,38.5300,4.999997
TAP_TAPCELL_ROW_8_109,VDD,Metal1,101.9200,38.5300,4.999997
TAP_TAPCELL_ROW_8_108,VDD,Metal1,62.7200,38.5300,4.999998
TAP_TAPCELL_ROW_8_107,VDD,Metal1,23.5200,38.5300,4.999998
TAP_TAPCELL_ROW_7_106,VDD,Metal1,160.7200,32.0300,4.999980
TAP_TAPCELL_ROW_7_105,VDD,Metal1,121.5200,32.0300,4.999978
TAP_TAPCELL_ROW_7_104,VDD,Metal1,82.3200,32.0300,4.999977
TAP_TAPCELL_ROW_7_103,VDD,Metal1,43.1200,32.0300,4.999971
TAP_TAPCELL_ROW_6_102,VDD,Metal1,180.3200,30.6900,4.999989
TAP_TAPCELL_ROW_6_101,VDD,Metal1,141.1200,30.6900,4.999979
TAP_TAPCELL_ROW_6_100,VDD,Metal1,101.9200,30.6900,4.999978
TAP_TAPCELL_ROW_6_99,VDD,Metal1,62.7200,30.6900,4.999977
TAP_TAPCELL_ROW_6_98,VDD,Metal1,23.5200,30.6900,4.999964
TAP_TAPCELL_ROW_5_97,VDD,Metal1,160.7200,24.1900,4.999989
TAP_TAPCELL_ROW_5_96,VDD,Metal1,121.5200,24.1900,4.999989
TAP_TAPCELL_ROW_5_95,VDD,Metal1,82.3200,24.1900,4.999989
TAP_TAPCELL_ROW_5_94,VDD,Metal1,43.1200,24.1900,4.999986
TAP_TAPCELL_ROW_4_93,VDD,Metal1,180.3200,22.8500,4.999990
TAP_TAPCELL_ROW_4_92,VDD,Metal1,141.1200,22.8500,4.999989
TAP_TAPCELL_ROW_4_91,VDD,Metal1,101.9200,22.8500,4.999989
TAP_TAPCELL_ROW_4_90,VDD,Metal1,62.7200,22.8500,4.999989
TAP_TAPCELL_ROW_4_89,VDD,Metal1,23.5200,22.8500,4.999984
TAP_TAPCELL_ROW_3_88,VDD,Metal1,160.7200,16.3500,4.999992
TAP_TAPCELL_ROW_3_87,VDD,Metal1,121.5200,16.3500,4.999992
TAP_TAPCELL_ROW_3_86,VDD,Metal1,82.3200,16.3500,4.999992
TAP_TAPCELL_ROW_3_85,VDD,Metal1,43.1200,16.3500,4.999986
TAP_TAPCELL_ROW_2_84,VDD,Metal1,180.3200,15.0100,4.999991
TAP_TAPCELL_ROW_2_83,VDD,Metal1,141.1200,15.0100,4.999992
TAP_TAPCELL_ROW_2_82,VDD,Metal1,101.9200,15.0100,4.999992
TAP_TAPCELL_ROW_2_81,VDD,Metal1,62.7200,15.0100,4.999990
TAP_TAPCELL_ROW_2_80,VDD,Metal1,23.5200,15.0100,4.999988
TAP_TAPCELL_ROW_1_79,VDD,Metal1,160.7200,8.5100,4.999996
TAP_TAPCELL_ROW_1_78,VDD,Metal1,121.5200,8.5100,4.999995
TAP_TAPCELL_ROW_1_77,VDD,Metal1,82.3200,8.5100,4.999988
TAP_TAPCELL_ROW_1_76,VDD,Metal1,43.1200,8.5100,4.999982
TAP_TAPCELL_ROW_0_75,VDD,Metal1,194.3200,7.1700,4.999996
TAP_TAPCELL_ROW_0_74,VDD,Metal1,175.2800,7.1700,4.999996
TAP_TAPCELL_ROW_0_73,VDD,Metal1,156.2400,7.1700,4.999995
TAP_TAPCELL_ROW_0_72,VDD,Metal1,137.2000,7.1700,4.999995
TAP_TAPCELL_ROW_0_71,VDD,Metal1,118.1600,7.1700,4.999995
TAP_TAPCELL_ROW_0_70,VDD,Metal1,99.1200,7.1700,4.999994
TAP_TAPCELL_ROW_0_69,VDD,Metal1,80.0800,7.1700,4.999983
TAP_TAPCELL_ROW_0_68,VDD,Metal1,61.0400,7.1700,4.999983
TAP_TAPCELL_ROW_0_67,VDD,Metal1,42.0000,7.1700,4.999982
TAP_TAPCELL_ROW_0_66,VDD,Metal1,22.9600,7.1700,4.999982
PHY_EDGE_ROW_32_Left_65,VDD,Metal1,3.9130,132.6080,5.000000
PHY_EDGE_ROW_31_Left_64,VDD,Metal1,3.9130,126.1115,4.999996
PHY_EDGE_ROW_30_Left_63,VDD,Metal1,3.9130,124.7680,4.999996
PHY_EDGE_ROW_29_Left_62,VDD,Metal1,3.9130,118.2715,4.999971
PHY_EDGE_ROW_28_Left_61,VDD,Metal1,3.9130,116.9280,4.999971
PHY_EDGE_ROW_27_Left_60,VDD,Metal1,3.9130,110.4315,4.999965
PHY_EDGE_ROW_26_Left_59,VDD,Metal1,3.9130,109.0880,4.999965
PHY_EDGE_ROW_25_Left_58,VDD,Metal1,3.9130,102.5915,4.999958
PHY_EDGE_ROW_24_Left_57,VDD,Metal1,3.9130,101.2480,4.999958
PHY_EDGE_ROW_23_Left_56,VDD,Metal1,3.9130,94.7515,4.999978
PHY_EDGE_ROW_22_Left_55,VDD,Metal1,3.9130,93.4080,4.999978
PHY_EDGE_ROW_21_Left_54,VDD,Metal1,3.9130,86.9115,4.999963
PHY_EDGE_ROW_20_Left_53,VDD,Metal1,3.9130,85.5680,4.999963
PHY_EDGE_ROW_19_Left_52,VDD,Metal1,3.9130,79.0715,4.999974
PHY_EDGE_ROW_18_Left_51,VDD,Metal1,3.9130,77.7280,4.999974
PHY_EDGE_ROW_17_Left_50,VDD,Metal1,3.9130,71.2315,4.999986
PHY_EDGE_ROW_16_Left_49,VDD,Metal1,3.9130,69.8880,4.999986
PHY_EDGE_ROW_15_Left_48,VDD,Metal1,3.9130,63.3915,4.999994
PHY_EDGE_ROW_14_Left_47,VDD,Metal1,3.9130,62.0480,4.999994
PHY_EDGE_ROW_13_Left_46,VDD,Metal1,3.9130,55.5515,4.999996
PHY_EDGE_ROW_12_Left_45,VDD,Metal1,3.9130,54.2080,4.999996
PHY_EDGE_ROW_11_Left_44,VDD,Metal1,3.9130,47.7115,4.999996
PHY_EDGE_ROW_10_Left_43,VDD,Metal1,3.9130,46.3680,4.999996
PHY_EDGE_ROW_9_Left_42,VDD,Metal1,3.9130,39.8715,4.999998
PHY_EDGE_ROW_8_Left_41,VDD,Metal1,3.9130,38.5280,4.999998
PHY_EDGE_ROW_7_Left_40,VDD,Metal1,3.9130,32.0315,4.999963
PHY_EDGE_ROW_6_Left_39,VDD,Metal1,3.9130,30.6880,4.999963
PHY_EDGE_ROW_5_Left_38,VDD,Metal1,3.9130,24.1915,4.999981
PHY_EDGE_ROW_4_Left_37,VDD,Metal1,3.9130,22.8480,4.999981
PHY_EDGE_ROW_3_Left_36,VDD,Metal1,3.9130,16.3515,4.999988
PHY_EDGE_ROW_2_Left_35,VDD,Metal1,3.9130,15.0080,4.999988
PHY_EDGE_ROW_1_Left_34,VDD,Metal1,3.9130,8.5115,4.999983
PHY_EDGE_ROW_0_Left_33,VDD,Metal1,3.9130,7.1680,4.999983
PHY_EDGE_ROW_32_Right_32,VDD,Metal1,196.0065,132.6080,5.000000
PHY_EDGE_ROW_31_Right_31,VDD,Metal1,196.0065,126.1115,4.999993
PHY_EDGE_ROW_30_Right_30,VDD,Metal1,196.0065,124.7680,4.999993
PHY_EDGE_ROW_29_Right_29,VDD,Metal1,196.0065,118.2715,4.999968
PHY_EDGE_ROW_28_Right_28,VDD,Metal1,196.0065,116.9280,4.999968
PHY_EDGE_ROW_27_Right_27,VDD,Metal1,196.0065,110.4315,4.999949
PHY_EDGE_ROW_26_Right_26,VDD,Metal1,196.0065,109.0880,4.999949
PHY_EDGE_ROW_25_Right_25,VDD,Metal1,196.0065,102.5915,4.999885
PHY_EDGE_ROW_24_Right_24,VDD,Metal1,196.0065,101.2480,4.999885
PHY_EDGE_ROW_23_Right_23,VDD,Metal1,196.0065,94.7515,4.999855
PHY_EDGE_ROW_22_Right_22,VDD,Metal1,196.0065,93.4080,4.999855
PHY_EDGE_ROW_21_Right_21,VDD,Metal1,196.0065,86.9115,4.999911
PHY_EDGE_ROW_20_Right_20,VDD,Metal1,196.0065,85.5680,4.999911
PHY_EDGE_ROW_19_Right_19,VDD,Metal1,196.0065,79.0715,4.999964
PHY_EDGE_ROW_18_Right_18,VDD,Metal1,196.0065,77.7280,4.999964
PHY_EDGE_ROW_17_Right_17,VDD,Metal1,196.0065,71.2315,4.999980
PHY_EDGE_ROW_16_Right_16,VDD,Metal1,196.0065,69.8880,4.999980
PHY_EDGE_ROW_15_Right_15,VDD,Metal1,196.0065,63.3915,4.999995
PHY_EDGE_ROW_14_Right_14,VDD,Metal1,196.0065,62.0480,4.999995
PHY_EDGE_ROW_13_Right_13,VDD,Metal1,196.0065,55.5515,4.999997
PHY_EDGE_ROW_12_Right_12,VDD,Metal1,196.0065,54.2080,4.999997
PHY_EDGE_ROW_11_Right_11,VDD,Metal1,196.0065,47.7115,4.999995
PHY_EDGE_ROW_10_Right_10,VDD,Metal1,196.0065,46.3680,4.999995
PHY_EDGE_ROW_9_Right_9,VDD,Metal1,196.0065,39.8715,4.999996
PHY_EDGE_ROW_8_Right_8,VDD,Metal1,196.0065,38.5280,4.999996
PHY_EDGE_ROW_7_Right_7,VDD,Metal1,196.0065,32.0315,4.999989
PHY_EDGE_ROW_6_Right_6,VDD,Metal1,196.0065,30.6880,4.999989
PHY_EDGE_ROW_5_Right_5,VDD,Metal1,196.0065,24.1915,4.999990
PHY_EDGE_ROW_4_Right_4,VDD,Metal1,196.0065,22.8480,4.999990
PHY_EDGE_ROW_3_Right_3,VDD,Metal1,196.0065,16.3515,4.999991
PHY_EDGE_ROW_2_Right_2,VDD,Metal1,196.0065,15.0080,4.999991
PHY_EDGE_ROW_1_Right_1,VDD,Metal1,196.0065,8.5115,4.999996
PHY_EDGE_ROW_0_Right_0,VDD,Metal1,196.0065,7.1680,4.999996
_731_,VDD,Metal1,63.1000,79.0140,4.999972
_730_,VDD,Metal1,166.4865,38.6150,4.999996
_729_,VDD,Metal1,171.7530,24.1045,4.999990
_728_,VDD,Metal1,187.2065,31.9445,4.999989
_727_,VDD,Metal1,187.2065,39.7845,4.999996
_726_,VDD,Metal1,187.4330,47.6245,4.999995
_725_,VDD,Metal1,177.1265,55.4645,4.999997
_724_,VDD,Metal1,171.5265,63.3045,4.999995
_723_,VDD,Metal1,170.4065,69.9750,4.999980
_722_,VDD,Metal1,64.3965,94.6830,4.999968
_721_,VDD,Metal1,83.4430,101.3165,4.999943
_720_,VDD,Metal1,69.4430,110.3630,4.999960
_719_,VDD,Metal1,53.1965,109.1565,4.999962
_718_,VDD,Metal1,40.8765,116.9965,4.999972
_717_,VDD,Metal1,26.3230,110.3630,4.999965
_716_,VDD,Metal1,14.5565,102.5230,4.999958
_715_,VDD,Metal1,14.5565,118.2030,4.999971
_714_,VDD,Metal1,187.4200,16.2940,4.999991
_713_,VDD,Metal1,136.8065,94.6645,4.999955
_712_,VDD,Metal1,132.4690,102.4980,4.999899
_711_,VDD,Metal1,151.7565,109.1565,4.999950
_710_,VDD,Metal1,141.9890,110.3380,4.999951
_709_,VDD,Metal1,125.7490,117.0215,4.999970
_708_,VDD,Metal1,111.9965,110.3630,4.999951
_707_,VDD,Metal1,97.9965,118.2030,4.999971
_706_,VDD,Metal1,87.1090,109.1815,4.999960
_705_,VDD,Metal1,93.8290,102.4980,4.999943
_704_,VDD,Metal1,112.2505,101.3415,4.999902
_703_,VDD,Metal1,111.9965,94.6830,4.999955
_702_,VDD,Metal1,101.9165,86.8430,4.999935
_701_,VDD,Metal1,124.3165,85.6365,4.999932
_700_,VDD,Metal1,151.7565,77.7965,4.999963
_699_,VDD,Metal1,142.5490,78.9780,4.999963
_698_,VDD,Metal1,147.4600,71.1740,4.999981
_697_,VDD,Metal1,141.2865,47.6245,4.999997
_696_,VDD,Metal1,131.2065,39.7845,4.999997
_695_,VDD,Metal1,153.0465,69.9750,4.999981
_694_,VDD,Metal1,137.9265,63.3045,4.999995
_693_,VDD,Metal1,122.2465,38.6150,4.999997
_692_,VDD,Metal1,103.7665,31.9445,4.999978
_691_,VDD,Metal1,110.4865,54.2950,4.999997
_690_,VDD,Metal1,97.6065,55.4645,4.999997
_689_,VDD,Metal1,84.1665,62.1350,4.999995
_688_,VDD,Metal1,100.9665,39.7845,4.999997
_687_,VDD,Metal1,90.3265,38.6150,4.999997
_686_,VDD,Metal1,84.9530,15.0950,4.999992
_685_,VDD,Metal1,90.8865,8.4245,4.999994
_684_,VDD,Metal1,60.8730,8.4245,4.999983
_683_,VDD,Metal1,34.3265,8.4245,4.999982
_682_,VDD,Metal1,153.0465,30.7750,4.999979
_681_,VDD,Metal1,146.8865,31.9445,4.999979
_680_,VDD,Metal1,162.5665,54.2950,4.999997
_679_,VDD,Metal1,159.7665,46.4550,4.999996
_678_,VDD,Metal1,151.9265,39.7845,4.999997
_677_,VDD,Metal1,130.0865,31.9445,4.999978
_676_,VDD,Metal1,75.5965,85.6365,4.999959
_675_,VDD,Metal1,37.6865,15.0950,4.999986
_674_,VDD,Metal1,12.4865,22.9350,4.999981
_673_,VDD,Metal1,14.3800,31.9740,4.999963
_672_,VDD,Metal1,14.7265,30.7750,4.999963
_671_,VDD,Metal1,185.3565,126.0430,4.999993
_670_,VDD,Metal1,178.0765,118.2030,4.999968
_669_,VDD,Metal1,170.7965,116.9965,4.999968
_668_,VDD,Metal1,165.7565,85.6365,4.999911
_667_,VDD,Metal1,185.3630,71.1630,4.999980
_666_,VDD,Metal1,186.4765,110.3630,4.999949
_665_,VDD,Metal1,170.7965,109.1565,4.999949
_664_,VDD,Metal1,160.7165,101.3165,4.999886
_663_,VDD,Metal1,81.5800,22.9055,4.999989
_662_,VDD,Metal1,81.5800,30.7455,4.999977
_661_,VDD,Metal1,51.6865,86.8245,4.999961
_660_,VDD,Metal1,38.8065,85.6550,4.999961
_659_,VDD,Metal1,32.0865,93.4950,4.999976
_658_,VDD,Metal1,12.4865,93.4950,4.999978
_657_,VDD,Metal1,13.0465,78.9845,4.999974
_656_,VDD,Metal1,36.0065,62.1350,4.999994
_655_,VDD,Metal1,22.2200,55.4940,4.999996
_654_,VDD,Metal1,13.6065,54.2950,4.999996
_653_,VDD,Metal1,12.4865,46.4550,4.999996
_652_,VDD,Metal1,33.7665,71.1445,4.999983
_651_,VDD,Metal1,46.0865,69.9750,4.999983
_650_,VDD,Metal1,71.2865,69.9750,4.999982
_649_,VDD,Metal1,65.6865,63.3045,4.999995
_648_,VDD,Metal1,182.0030,79.0030,4.999964
_647_,VDD,Metal1,92.5665,85.6550,4.999935
_646_,VDD,Metal1,124.4865,69.9750,4.999982
_645_,VDD,Metal1,114.4065,77.8150,4.999966
_644_,VDD,Metal1,93.1265,77.8150,4.999972
_643_,VDD,Metal1,90.8865,71.1445,4.999982
_642_,VDD,Metal1,58.6925,85.6605,4.999960
_641_,VDD,Metal1,64.6900,77.8365,4.999972
_640_,VDD,Metal1,168.1000,39.6225,4.999996
_639_,VDD,Metal1,171.6000,31.7175,4.999989
_638_,VDD,Metal1,172.3400,23.1375,4.999990
_637_,VDD,Metal1,170.9165,30.9265,4.999989
_636_,VDD,Metal1,166.5900,31.9230,4.999984
_635_,VDD,Metal1,187.7000,30.9375,4.999989
_634_,VDD,Metal1,192.5230,38.7665,4.999996
_633_,VDD,Metal1,193.1065,30.9125,4.999989
_632_,VDD,Metal1,184.3400,46.6175,4.999995
_631_,VDD,Metal1,187.4830,46.6065,4.999995
_630_,VDD,Metal1,189.7465,54.4325,4.999997
_629_,VDD,Metal1,191.9800,55.3025,4.999997
_628_,VDD,Metal1,187.4830,55.3130,4.999997
_627_,VDD,Metal1,184.3330,54.4325,4.999997
_626_,VDD,Metal1,172.2500,62.2975,4.999995
_625_,VDD,Metal1,176.5200,62.2825,4.999995
_624_,VDD,Metal1,183.8200,62.3375,4.999995
_623_,VDD,Metal1,175.9800,78.0175,4.999964
_622_,VDD,Metal1,183.0030,70.1265,4.999980
_621_,VDD,Metal1,182.1000,63.1425,4.999995
_620_,VDD,Metal1,182.1000,23.9425,4.999990
_619_,VDD,Metal1,183.0030,30.9265,4.999989
_618_,VDD,Metal1,175.3200,31.0950,4.999989
_617_,VDD,Metal1,175.7400,31.7825,4.999989
_616_,VDD,Metal1,177.7775,38.9050,4.999996
_615_,VDD,Metal1,173.3000,46.6025,4.999996
_614_,VDD,Metal1,169.4100,46.4765,4.999996
_613_,VDD,Metal1,171.7530,39.6815,4.999996
_612_,VDD,Metal1,171.0575,47.3350,4.999996
_611_,VDD,Metal1,136.5230,93.6465,4.999955
_610_,VDD,Metal1,146.4500,94.6430,4.999954
_609_,VDD,Metal1,125.7600,101.5625,4.999899
_608_,VDD,Metal1,139.1700,101.3565,4.999899
_607_,VDD,Metal1,132.8275,101.3405,4.999899
_606_,VDD,Metal1,145.7075,117.0205,4.999970
_605_,VDD,Metal1,138.4275,118.1790,4.999970
_604_,VDD,Metal1,125.5475,110.3390,4.999951
_603_,VDD,Metal1,109.8675,117.0205,4.999970
_602_,VDD,Metal1,96.4275,117.0205,4.999971
_601_,VDD,Metal1,93.0675,110.3390,4.999960
_600_,VDD,Metal1,94.7475,94.6590,4.999959
_599_,VDD,Metal1,113.0125,102.4990,4.999902
_598_,VDD,Metal1,109.3075,93.5005,4.999955
_597_,VDD,Metal1,99.0030,93.6465,4.999959
_596_,VDD,Metal1,103.8900,93.5165,4.999956
_595_,VDD,Metal1,124.2030,78.8330,4.999965
_594_,VDD,Metal1,146.8275,85.6605,4.999919
_593_,VDD,Metal1,141.7875,86.8190,4.999921
_592_,VDD,Metal1,143.1800,54.4450,4.999997
_591_,VDD,Metal1,136.3400,54.4425,4.999997
_590_,VDD,Metal1,134.6700,55.4430,4.999997
_589_,VDD,Metal1,129.8030,47.4730,4.999997
_588_,VDD,Metal1,126.2900,47.6030,4.999997
_587_,VDD,Metal1,126.2300,54.4575,4.999997
_586_,VDD,Metal1,130.9230,55.3130,4.999997
_585_,VDD,Metal1,125.2000,55.2375,4.999997
_584_,VDD,Metal1,131.1330,54.4325,4.999997
_583_,VDD,Metal1,134.6900,46.4765,4.999997
_582_,VDD,Metal1,152.7000,62.2850,4.999995
_581_,VDD,Metal1,149.7900,62.1565,4.999995
_580_,VDD,Metal1,150.1875,63.2990,4.999995
_579_,VDD,Metal1,125.2000,63.0775,4.999995
_578_,VDD,Metal1,124.9730,62.2725,4.999995
_577_,VDD,Metal1,110.9965,62.2865,4.999995
_576_,VDD,Metal1,119.6000,62.3625,4.999995
_575_,VDD,Metal1,119.4600,55.3150,4.999997
_574_,VDD,Metal1,115.0700,62.1565,4.999995
_573_,VDD,Metal1,134.8430,70.1265,4.999982
_572_,VDD,Metal1,109.5530,63.2140,4.999995
_571_,VDD,Metal1,106.3000,62.2975,4.999995
_570_,VDD,Metal1,107.7900,69.9965,4.999982
_569_,VDD,Metal1,143.0700,69.9965,4.999981
_568_,VDD,Metal1,119.6600,46.6050,4.999997
_567_,VDD,Metal1,117.9025,39.4950,4.999997
_566_,VDD,Metal1,109.5200,46.6825,4.999997
_565_,VDD,Metal1,108.9100,55.4430,4.999997
_564_,VDD,Metal1,103.9800,30.9250,4.999978
_563_,VDD,Metal1,104.4625,38.9050,4.999997
_562_,VDD,Metal1,99.0030,54.4465,4.999997
_561_,VDD,Metal1,108.9300,47.6030,4.999997
_560_,VDD,Metal1,89.7000,47.4625,4.999997
_559_,VDD,Metal1,91.1730,54.3165,4.999997
_558_,VDD,Metal1,88.1000,55.3150,4.999997
_557_,VDD,Metal1,75.0230,55.3430,4.999997
_556_,VDD,Metal1,78.8200,55.2625,4.999997
_555_,VDD,Metal1,62.4875,55.3025,4.999997
_554_,VDD,Metal1,54.9730,55.3275,4.999997
_553_,VDD,Metal1,54.7400,54.4975,4.999997
_552_,VDD,Metal1,74.3400,54.4975,4.999997
_551_,VDD,Metal1,97.7300,62.1565,4.999995
_550_,VDD,Metal1,85.0030,55.3130,4.999997
_549_,VDD,Metal1,71.9500,55.4430,4.999997
_548_,VDD,Metal1,85.8200,54.4975,4.999997
_547_,VDD,Metal1,84.5430,47.5030,4.999997
_546_,VDD,Metal1,79.1575,54.4575,4.999997
_545_,VDD,Metal1,68.0800,54.5225,4.999997
_544_,VDD,Metal1,69.5400,55.3025,4.999997
_543_,VDD,Metal1,71.8200,47.4225,4.999998
_542_,VDD,Metal1,47.5850,55.4200,4.999997
_541_,VDD,Metal1,48.9900,54.3165,4.999997
_540_,VDD,Metal1,44.0000,54.5225,4.999996
_539_,VDD,Metal1,48.4300,62.1565,4.999995
_538_,VDD,Metal1,39.4700,54.3165,4.999996
_537_,VDD,Metal1,39.0330,39.6415,4.999998
_536_,VDD,Metal1,91.5700,63.2830,4.999995
_535_,VDD,Metal1,97.3230,46.6065,4.999997
_534_,VDD,Metal1,85.1050,46.5000,4.999997
_533_,VDD,Metal1,74.2400,46.6825,4.999998
_532_,VDD,Metal1,74.0130,39.6475,4.999998
_531_,VDD,Metal1,65.9130,46.5580,4.999998
_530_,VDD,Metal1,65.2800,47.3975,4.999998
_529_,VDD,Metal1,38.5325,46.4605,4.999997
_528_,VDD,Metal1,39.6200,47.4225,4.999997
_527_,VDD,Metal1,58.5600,47.3975,4.999998
_526_,VDD,Metal1,59.8200,46.6175,4.999998
_525_,VDD,Metal1,51.7900,54.3165,4.999997
_524_,VDD,Metal1,41.1700,55.4430,4.999996
_523_,VDD,Metal1,103.8900,46.4765,4.999997
_522_,VDD,Metal1,86.1330,39.7630,4.999997
_521_,VDD,Metal1,86.6800,63.1900,4.999995
_520_,VDD,Metal1,78.4930,39.6475,4.999998
_519_,VDD,Metal1,75.5000,38.7775,4.999998
_518_,VDD,Metal1,65.2800,39.5575,4.999998
_517_,VDD,Metal1,48.9900,46.4765,4.999998
_516_,VDD,Metal1,44.6330,46.5580,4.999997
_515_,VDD,Metal1,35.6400,47.4625,4.999997
_514_,VDD,Metal1,29.2365,47.4730,4.999997
_513_,VDD,Metal1,31.6625,39.4950,4.999998
_512_,VDD,Metal1,30.1100,46.6890,4.999997
_511_,VDD,Metal1,37.7900,38.6365,4.999998
_510_,VDD,Metal1,58.2250,39.7400,4.999998
_509_,VDD,Metal1,58.5300,38.6365,4.999998
_508_,VDD,Metal1,54.0300,46.4765,4.999998
_507_,VDD,Metal1,56.8300,46.4765,4.999998
_506_,VDD,Metal1,53.3400,39.5825,4.999998
_505_,VDD,Metal1,55.7300,38.6365,4.999998
_504_,VDD,Metal1,48.1430,39.6630,4.999998
_503_,VDD,Metal1,26.0300,46.4765,4.999997
_502_,VDD,Metal1,45.0700,39.7630,4.999998
_501_,VDD,Metal1,44.5100,38.6365,4.999998
_500_,VDD,Metal1,91.5700,39.7630,4.999997
_499_,VDD,Metal1,79.0530,8.2875,4.999983
_498_,VDD,Metal1,77.9330,16.1275,4.999992
_497_,VDD,Metal1,57.5800,7.4175,4.999984
_496_,VDD,Metal1,54.4600,16.0625,4.999987
_495_,VDD,Metal1,55.5400,7.4175,4.999983
_494_,VDD,Metal1,57.9200,15.3225,4.999989
_493_,VDD,Metal1,62.6200,7.4175,4.999983
_492_,VDD,Metal1,147.9330,38.7525,4.999997
_491_,VDD,Metal1,143.4530,38.7525,4.999997
_490_,VDD,Metal1,155.2130,62.2725,4.999995
_489_,VDD,Metal1,152.9730,55.3275,4.999996
_488_,VDD,Metal1,141.2130,39.6475,4.999997
_487_,VDD,Metal1,114.8930,31.8075,4.999978
_486_,VDD,Metal1,66.1730,86.6875,4.999960
_485_,VDD,Metal1,72.8150,86.7800,4.999959
_484_,VDD,Metal1,34.8865,16.1615,4.999986
_483_,VDD,Metal1,30.0330,23.0255,4.999985
_482_,VDD,Metal1,39.0830,23.0865,4.999986
_481_,VDD,Metal1,30.0730,24.0015,4.999985
_480_,VDD,Metal1,21.6330,16.1740,4.999988
_479_,VDD,Metal1,33.7400,31.7425,4.999966
_478_,VDD,Metal1,29.5800,16.1025,4.999987
_477_,VDD,Metal1,38.9100,16.2430,4.999986
_476_,VDD,Metal1,33.9930,30.8780,4.999966
_475_,VDD,Metal1,27.4250,30.8200,4.999965
_474_,VDD,Metal1,23.8400,23.8775,4.999984
_473_,VDD,Metal1,36.3000,31.7825,4.999966
_472_,VDD,Metal1,37.6600,23.9025,4.999986
_471_,VDD,Metal1,41.5800,30.9775,4.999971
_470_,VDD,Metal1,40.6100,24.0830,4.999986
_469_,VDD,Metal1,58.9200,23.9575,4.999990
_468_,VDD,Metal1,58.6330,23.0380,4.999990
_467_,VDD,Metal1,63.3865,16.2430,4.999990
_466_,VDD,Metal1,70.4400,23.9575,4.999989
_465_,VDD,Metal1,70.8500,30.7965,4.999977
_464_,VDD,Metal1,74.7500,24.0830,4.999989
_463_,VDD,Metal1,69.4230,23.0565,4.999989
_462_,VDD,Metal1,57.3500,16.1025,4.999989
_461_,VDD,Metal1,52.1600,23.9425,4.999989
_460_,VDD,Metal1,64.1460,23.9100,4.999989
_459_,VDD,Metal1,60.4965,30.8965,4.999977
_458_,VDD,Metal1,50.2700,31.0090,4.999972
_457_,VDD,Metal1,65.6365,23.0865,4.999989
_456_,VDD,Metal1,65.4030,30.9265,4.999977
_455_,VDD,Metal1,55.6725,30.9375,4.999975
_454_,VDD,Metal1,85.8130,16.1015,4.999992
_453_,VDD,Metal1,58.1400,31.7825,4.999976
_452_,VDD,Metal1,68.0300,16.2430,4.999991
_451_,VDD,Metal1,68.9700,15.4460,4.999991
_450_,VDD,Metal1,52.4075,15.2575,4.999987
_449_,VDD,Metal1,54.5900,22.9565,4.999989
_448_,VDD,Metal1,41.0200,86.6225,4.999961
_447_,VDD,Metal1,49.1630,85.8065,4.999961
_446_,VDD,Metal1,35.3500,78.7725,4.999973
_445_,VDD,Metal1,40.0500,78.9630,4.999973
_444_,VDD,Metal1,30.3800,86.6225,4.999962
_443_,VDD,Metal1,30.3565,78.8330,4.999974
_442_,VDD,Metal1,13.8600,86.6225,4.999964
_441_,VDD,Metal1,12.9965,85.8065,4.999964
_440_,VDD,Metal1,18.6200,78.0175,4.999974
_439_,VDD,Metal1,17.4765,85.8065,4.999964
_438_,VDD,Metal1,15.7130,71.1215,4.999986
_437_,VDD,Metal1,29.1900,63.0925,4.999994
_436_,VDD,Metal1,26.5900,62.1565,4.999994
_435_,VDD,Metal1,10.2200,62.3375,4.999994
_434_,VDD,Metal1,26.2030,70.1265,4.999983
_433_,VDD,Metal1,11.0600,47.4225,4.999996
_432_,VDD,Metal1,10.5230,55.3130,4.999996
_431_,VDD,Metal1,20.0200,47.4225,4.999996
_430_,VDD,Metal1,16.3565,47.4730,4.999996
_429_,VDD,Metal1,17.5850,63.2880,4.999994
_428_,VDD,Metal1,8.2665,70.9815,4.999986
_427_,VDD,Metal1,33.1800,70.1775,4.999983
_426_,VDD,Metal1,37.4030,77.9665,4.999973
_425_,VDD,Metal1,43.2600,78.0175,4.999973
_424_,VDD,Metal1,48.0430,70.9930,4.999983
_423_,VDD,Metal1,59.9030,70.0965,4.999985
_422_,VDD,Metal1,56.8300,69.9965,4.999983
_421_,VDD,Metal1,65.2500,71.1230,4.999982
_420_,VDD,Metal1,61.5830,71.0230,4.999985
_419_,VDD,Metal1,57.3900,77.8365,4.999972
_418_,VDD,Metal1,68.0300,71.1230,4.999982
_417_,VDD,Metal1,6.1430,70.0965,4.999986
_416_,VDD,Metal1,13.9865,70.2050,4.999986
_415_,VDD,Metal1,13.0130,77.9780,4.999974
_414_,VDD,Metal1,177.4265,85.7925,4.999911
_413_,VDD,Metal1,184.4800,93.7225,4.999855
_412_,VDD,Metal1,85.1900,86.6125,4.999935
_411_,VDD,Metal1,74.7500,78.9630,4.999972
_410_,VDD,Metal1,15.8130,62.1830,4.999994
_409_,VDD,Metal1,8.0300,63.2010,4.999994
_408_,VDD,Metal1,119.4600,70.9950,4.999982
_407_,VDD,Metal1,124.0625,70.8550,4.999982
_406_,VDD,Metal1,112.9400,78.8350,4.999966
_405_,VDD,Metal1,112.3025,70.8550,4.999982
_404_,VDD,Metal1,98.3800,70.1250,4.999982
_403_,VDD,Metal1,93.8225,70.2650,4.999982
_402_,VDD,Metal1,89.9800,70.1250,4.999982
_401_,VDD,Metal1,101.1025,70.8550,4.999982
_400_,VDD,Metal1,130.0530,77.9780,4.999964
_399_,VDD,Metal1,134.6900,85.6765,4.999929
_398_,VDD,Metal1,138.6100,69.9965,4.999981
_397_,VDD,Metal1,148.7110,55.5115,4.999996
_396_,VDD,Metal1,145.7330,62.2980,4.999995
_395_,VDD,Metal1,65.6200,101.4975,4.999945
_394_,VDD,Metal1,69.6800,102.2775,4.999944
_393_,VDD,Metal1,75.4700,102.2705,4.999943
_392_,VDD,Metal1,75.9275,94.5025,4.999966
_391_,VDD,Metal1,60.7500,101.3565,4.999953
_390_,VDD,Metal1,66.4100,109.3375,4.999960
_389_,VDD,Metal1,68.7800,109.3375,4.999960
_388_,VDD,Metal1,63.7465,102.3675,4.999945
_387_,VDD,Metal1,50.0700,110.1825,4.999962
_386_,VDD,Metal1,46.3800,110.1825,4.999962
_385_,VDD,Metal1,49.9330,102.3675,4.999954
_384_,VDD,Metal1,36.1700,109.3375,4.999965
_383_,VDD,Metal1,37.4200,102.3425,4.999955
_382_,VDD,Metal1,39.2930,109.3125,4.999964
_381_,VDD,Metal1,24.8700,102.3425,4.999958
_380_,VDD,Metal1,20.0200,109.3775,4.999965
_379_,VDD,Metal1,26.7600,109.3225,4.999965
_378_,VDD,Metal1,11.3000,101.4975,4.999958
_377_,VDD,Metal1,15.9200,101.5625,4.999958
_376_,VDD,Metal1,12.2200,110.1825,4.999965
_375_,VDD,Metal1,68.6900,93.5985,4.999968
_374_,VDD,Metal1,70.4400,101.4500,4.999944
_373_,VDD,Metal1,49.1630,94.5130,4.999971
_372_,VDD,Metal1,53.9000,101.5375,4.999954
_371_,VDD,Metal1,46.3130,101.4380,4.999954
_370_,VDD,Metal1,37.0000,94.3450,4.999976
_369_,VDD,Metal1,24.1200,94.3450,4.999977
_368_,VDD,Metal1,18.1175,94.5025,4.999978
_367_,VDD,Metal1,164.1800,93.6575,4.999925
_366_,VDD,Metal1,174.4000,93.7225,4.999855
_365_,VDD,Metal1,190.2700,93.7290,4.999855
_364_,VDD,Metal1,187.9275,101.4975,4.999885
_363_,VDD,Metal1,158.7500,94.6430,4.999954
_362_,VDD,Metal1,184.0100,101.4975,4.999885
_361_,VDD,Metal1,182.4200,109.3775,4.999949
_360_,VDD,Metal1,177.0800,101.4825,4.999885
_359_,VDD,Metal1,159.1400,102.3425,4.999886
_358_,VDD,Metal1,165.7750,110.3000,4.999949
_357_,VDD,Metal1,162.3000,94.5025,4.999925
_356_,VDD,Metal1,182.2900,77.8365,4.999964
_355_,VDD,Metal1,178.2600,93.6450,4.999855
_354_,VDD,Metal1,187.4830,109.3265,4.999949
_353_,VDD,Metal1,186.7100,117.1775,4.999968
_352_,VDD,Metal1,166.0300,94.6430,4.999898
_351_,VDD,Metal1,191.1900,101.4975,4.999885
_350_,VDD,Metal1,128.0600,78.8350,4.999964
_349_,VDD,Metal1,173.9800,54.4450,4.999997
_348_,VDD,Metal1,178.4600,54.4450,4.999997
_347_,VDD,Metal1,178.4600,47.4750,4.999996
_346_,VDD,Metal1,173.7800,47.4750,4.999996
_345_,VDD,Metal1,162.0200,31.7950,4.999980
_344_,VDD,Metal1,175.4600,39.6350,4.999996
_343_,VDD,Metal1,23.9000,70.9950,4.999986
_342_,VDD,Metal1,5.8300,62.2975,4.999994
_341_,VDD,Metal1,150.3100,47.4625,4.999996
_340_,VDD,Metal1,20.5400,101.4850,4.999958
_339_,VDD,Metal1,27.2600,101.4850,4.999958
_338_,VDD,Metal1,44.6200,30.9250,4.999971
_337_,VDD,Metal1,50.2200,16.1150,4.999987
_336_,VDD,Metal1,21.4600,23.0850,4.999982
_335_,VDD,Metal1,45.1800,23.9550,4.999989
_334_,VDD,Metal1,98.3800,78.8350,4.999972
_333_,VDD,Metal1,22.2200,46.6050,4.999996
_332_,VDD,Metal1,27.8200,54.4450,4.999996
_331_,VDD,Metal1,25.5800,54.4450,4.999996
_330_,VDD,Metal1,40.7000,38.7650,4.999998
_329_,VDD,Metal1,19.4200,86.6750,4.999964
_328_,VDD,Metal1,22.2200,93.6450,4.999978
_327_,VDD,Metal1,35.4600,70.1250,4.999983
_326_,VDD,Metal1,32.1000,94.5150,4.999976
_325_,VDD,Metal1,20.9000,70.9950,4.999986
_324_,VDD,Metal1,46.3000,93.6450,4.999971
_323_,VDD,Metal1,53.0200,85.8050,4.999961
